state,district,Year,Month_Name,age_0_5,age_5_17,age_18_greater
100000,100000,2025,September,0,0,12
100000,100000,2025,October,0,1,0
100000,100000,2025,November,0,0,11
100000,100000,2025,December,0,0,194
West Bengal,24 Paraganas North,2025,June,540,399,111
West Bengal,24 Paraganas North,2025,July,2637,2059,401
West Bengal,24 Paraganas South,2025,July,364,104,22
Odisha,ANGUL,2025,November,1,0,0
Odisha,ANUGUL,2025,September,2,1,0
Odisha,ANUGUL,2025,October,3,0,0
Odisha,ANUGUL,2025,November,3,0,0
Odisha,ANUGUL,2025,December,4,0,0
Andhra Pradesh,Adilabad,2025,September,523,131,0
Telangana,Adilabad,2025,September,1022,189,0
Andhra Pradesh,Adilabad,2025,October,236,71,1
Telangana,Adilabad,2025,October,574,101,0
Andhra Pradesh,Adilabad,2025,November,286,63,0
Telangana,Adilabad,2025,November,577,121,2
Andhra Pradesh,Adilabad,2025,December,92,16,0
Telangana,Adilabad,2025,December,344,56,1
Madhya Pradesh,Agar Malwa,2025,September,392,186,5
Madhya Pradesh,Agar Malwa,2025,October,275,65,0
Madhya Pradesh,Agar Malwa,2025,November,868,86,1
Madhya Pradesh,Agar Malwa,2025,December,552,84,23
Uttar Pradesh,Agra,2025,March,280,494,132
Uttar Pradesh,Agra,2025,April,832,568,37
Uttar Pradesh,Agra,2025,May,1550,967,60
Uttar Pradesh,Agra,2025,June,1775,1860,154
Uttar Pradesh,Agra,2025,July,2371,2123,75
Uttar Pradesh,Agra,2025,September,3078,2629,57
Uttar Pradesh,Agra,2025,October,1652,1236,64
Uttar Pradesh,Agra,2025,November,2709,1766,62
Uttar Pradesh,Agra,2025,December,2067,1048,264
Maharashtra,Ahilyanagar,2025,December,12,1,0
Gujarat,Ahmadabad,2025,June,685,480,60
Gujarat,Ahmadabad,2025,July,2714,1590,180
Gujarat,Ahmadabad,2025,September,231,115,0
Gujarat,Ahmadabad,2025,October,91,36,0
Gujarat,Ahmadabad,2025,November,259,70,0
Gujarat,Ahmadabad,2025,December,125,31,0
Maharashtra,Ahmadnagar,2025,April,71,15,10
Maharashtra,Ahmadnagar,2025,September,2167,1260,33
Maharashtra,Ahmadnagar,2025,October,1334,331,22
Maharashtra,Ahmadnagar,2025,November,1706,383,58
Maharashtra,Ahmadnagar,2025,December,4091,349,6
Maharashtra,Ahmed Nagar,2025,September,56,26,0
Maharashtra,Ahmed Nagar,2025,October,43,8,0
Maharashtra,Ahmed Nagar,2025,November,53,16,0
Maharashtra,Ahmed Nagar,2025,December,125,13,0
Gujarat,Ahmedabad,2025,April,77,26,19
Gujarat,Ahmedabad,2025,May,756,347,97
Gujarat,Ahmedabad,2025,July,397,389,36
Gujarat,Ahmedabad,2025,September,3946,2033,72
Gujarat,Ahmedabad,2025,October,1587,744,77
Gujarat,Ahmedabad,2025,November,3702,1499,168
Gujarat,Ahmedabad,2025,December,2379,641,138
Maharashtra,Ahmednagar,2025,July,182,158,28
Mizoram,Aizawl,2025,September,262,92,11
Mizoram,Aizawl,2025,October,198,85,45
Mizoram,Aizawl,2025,November,237,51,4
Mizoram,Aizawl,2025,December,65,8,1
Rajasthan,Ajmer,2025,April,1007,196,36
Rajasthan,Ajmer,2025,July,673,241,18
Rajasthan,Ajmer,2025,September,3125,980,17
Rajasthan,Ajmer,2025,October,1146,404,5
Rajasthan,Ajmer,2025,November,1972,550,66
Rajasthan,Ajmer,2025,December,1277,416,6
Maharashtra,Akola,2025,July,390,205,42
Maharashtra,Akola,2025,September,1261,241,0
Maharashtra,Akola,2025,October,688,72,4
Maharashtra,Akola,2025,November,928,122,2
Maharashtra,Akola,2025,December,699,53,1
Kerala,Alappuzha,2025,September,713,275,5
Kerala,Alappuzha,2025,October,614,230,27
Kerala,Alappuzha,2025,November,753,253,57
Kerala,Alappuzha,2025,December,456,134,42
Uttar Pradesh,Aligarh,2025,March,226,353,44
Uttar Pradesh,Aligarh,2025,April,1066,643,58
Uttar Pradesh,Aligarh,2025,May,1564,1159,103
Uttar Pradesh,Aligarh,2025,June,1247,1291,97
Uttar Pradesh,Aligarh,2025,July,3024,3256,128
Uttar Pradesh,Aligarh,2025,September,2267,2037,51
Uttar Pradesh,Aligarh,2025,October,1213,983,37
Uttar Pradesh,Aligarh,2025,November,1632,1280,50
Uttar Pradesh,Aligarh,2025,December,1591,774,18
West Bengal,Alipurduar,2025,April,38,63,27
West Bengal,Alipurduar,2025,May,42,112,43
West Bengal,Alipurduar,2025,June,207,352,74
West Bengal,Alipurduar,2025,July,646,840,145
West Bengal,Alipurduar,2025,September,240,120,17
West Bengal,Alipurduar,2025,October,108,82,3
West Bengal,Alipurduar,2025,November,136,93,2
West Bengal,Alipurduar,2025,December,104,52,127
Madhya Pradesh,Alirajpur,2025,April,134,105,15
Madhya Pradesh,Alirajpur,2025,May,66,42,25
Madhya Pradesh,Alirajpur,2025,June,376,586,84
Madhya Pradesh,Alirajpur,2025,July,498,884,93
Madhya Pradesh,Alirajpur,2025,September,481,729,15
Madhya Pradesh,Alirajpur,2025,October,514,313,0
Madhya Pradesh,Alirajpur,2025,November,621,421,24
Madhya Pradesh,Alirajpur,2025,December,561,310,113
Uttar Pradesh,Allahabad,2025,September,2828,2582,2
Uttar Pradesh,Allahabad,2025,October,1392,1289,22
Uttar Pradesh,Allahabad,2025,November,1794,1421,24
Uttar Pradesh,Allahabad,2025,December,1240,654,1
Andhra Pradesh,Alluri Sitharama Raju,2025,September,332,47,8
Andhra Pradesh,Alluri Sitharama Raju,2025,October,265,26,4
Andhra Pradesh,Alluri Sitharama Raju,2025,November,280,32,14
Andhra Pradesh,Alluri Sitharama Raju,2025,December,228,11,8
Uttarakhand,Almora,2025,September,355,45,3
Uttarakhand,Almora,2025,October,262,33,2
Uttarakhand,Almora,2025,November,358,34,3
Uttarakhand,Almora,2025,December,253,19,0
Rajasthan,Alwar,2025,April,784,209,39
Rajasthan,Alwar,2025,May,610,179,10
Rajasthan,Alwar,2025,June,670,240,13
Rajasthan,Alwar,2025,July,1837,879,41
Rajasthan,Alwar,2025,September,5235,2311,41
Rajasthan,Alwar,2025,October,2103,1129,38
Rajasthan,Alwar,2025,November,2676,1462,88
Rajasthan,Alwar,2025,December,1849,905,35
Haryana,Ambala,2025,June,245,23,13
Haryana,Ambala,2025,September,699,40,1
Haryana,Ambala,2025,October,614,22,8
Haryana,Ambala,2025,November,974,30,7
Haryana,Ambala,2025,December,531,7,4
Uttar Pradesh,Ambedkar Nagar,2025,April,159,143,10
Uttar Pradesh,Ambedkar Nagar,2025,September,1387,1778,13
Uttar Pradesh,Ambedkar Nagar,2025,October,782,845,6
Uttar Pradesh,Ambedkar Nagar,2025,November,923,855,17
Uttar Pradesh,Ambedkar Nagar,2025,December,605,475,4
Uttar Pradesh,Amethi,2025,September,1436,1468,8
Uttar Pradesh,Amethi,2025,October,769,722,30
Uttar Pradesh,Amethi,2025,November,938,606,16
Uttar Pradesh,Amethi,2025,December,747,455,2
Maharashtra,Amravati,2025,June,280,77,11
Maharashtra,Amravati,2025,July,523,148,13
Maharashtra,Amravati,2025,September,1841,431,19
Maharashtra,Amravati,2025,October,929,127,18
Maharashtra,Amravati,2025,November,1080,136,44
Maharashtra,Amravati,2025,December,1130,106,2
Gujarat,Amreli,2025,April,174,21,43
Gujarat,Amreli,2025,July,558,151,60
Gujarat,Amreli,2025,September,893,226,35
Gujarat,Amreli,2025,October,291,39,41
Gujarat,Amreli,2025,November,778,88,40
Gujarat,Amreli,2025,December,766,62,27
Punjab,Amritsar,2025,March,14,15,20
Punjab,Amritsar,2025,April,959,209,54
Punjab,Amritsar,2025,May,664,284,26
Punjab,Amritsar,2025,July,1293,400,24
Punjab,Amritsar,2025,September,1862,337,21
Punjab,Amritsar,2025,October,866,165,14
Punjab,Amritsar,2025,November,1315,271,40
Punjab,Amritsar,2025,December,660,94,48
Uttar Pradesh,Amroha,2025,April,434,135,11
Uttar Pradesh,Amroha,2025,June,329,240,10
Uttar Pradesh,Amroha,2025,September,1460,720,11
Uttar Pradesh,Amroha,2025,October,921,437,9
Uttar Pradesh,Amroha,2025,November,1364,526,4
Uttar Pradesh,Amroha,2025,December,1097,418,16
Andhra Pradesh,Anakapalli,2025,September,146,4,0
Andhra Pradesh,Anakapalli,2025,October,86,4,0
Andhra Pradesh,Anakapalli,2025,November,169,4,4
Andhra Pradesh,Anakapalli,2025,December,122,0,4
Gujarat,Anand,2025,April,136,30,75
Gujarat,Anand,2025,May,111,22,10
Gujarat,Anand,2025,June,148,57,24
Gujarat,Anand,2025,July,802,192,115
Gujarat,Anand,2025,September,1545,249,29
Gujarat,Anand,2025,October,555,65,82
Gujarat,Anand,2025,November,1315,131,75
Gujarat,Anand,2025,December,1004,82,126
Andhra Pradesh,Anantapur,2025,September,1266,122,0
Andhra Pradesh,Anantapur,2025,October,979,80,0
Andhra Pradesh,Anantapur,2025,November,1232,88,0
Andhra Pradesh,Anantapur,2025,December,612,36,0
Andhra Pradesh,Ananthapur,2025,September,521,50,0
Andhra Pradesh,Ananthapur,2025,October,418,39,0
Andhra Pradesh,Ananthapur,2025,November,476,34,0
Andhra Pradesh,Ananthapur,2025,December,428,28,0
Andhra Pradesh,Ananthapuramu,2025,September,917,52,4
Andhra Pradesh,Ananthapuramu,2025,October,669,42,1
Andhra Pradesh,Ananthapuramu,2025,November,829,41,3
Andhra Pradesh,Ananthapuramu,2025,December,603,24,2
Jammu & Kashmir,Anantnag,2025,September,1,1,0
Jammu and Kashmir,Anantnag,2025,September,860,103,1
Jammu and Kashmir,Anantnag,2025,October,646,83,3
Jammu and Kashmir,Anantnag,2025,November,836,102,25
Jammu & Kashmir,Anantnag,2025,December,2,0,0
Jammu and Kashmir,Anantnag,2025,December,633,52,6
Andaman & Nicobar Islands,Andamans,2025,September,23,4,0
Andaman & Nicobar Islands,Andamans,2025,October,15,0,0
Andaman & Nicobar Islands,Andamans,2025,November,13,0,0
Andaman & Nicobar Islands,Andamans,2025,December,19,1,0
Odisha,Angul,2025,September,1188,199,2
Odisha,Angul,2025,October,371,72,8
Odisha,Angul,2025,November,460,70,2
Odisha,Angul,2025,December,563,72,2
Arunachal Pradesh,Anjaw,2025,September,16,5,0
Arunachal Pradesh,Anjaw,2025,October,1,2,0
Arunachal Pradesh,Anjaw,2025,November,3,4,3
Arunachal Pradesh,Anjaw,2025,December,3,0,0
Andhra Pradesh,Annamayya,2025,September,244,14,48
Andhra Pradesh,Annamayya,2025,October,164,15,6
Andhra Pradesh,Annamayya,2025,November,250,11,30
Andhra Pradesh,Annamayya,2025,December,210,8,21
Odisha,Anugal,2025,October,0,2,0
Odisha,Anugal,2025,December,1,0,0
Odisha,Anugul,2025,September,63,12,0
Orissa,Anugul,2025,September,14,1,0
Odisha,Anugul,2025,October,11,2,0
Orissa,Anugul,2025,October,8,2,0
Odisha,Anugul,2025,November,23,9,0
Orissa,Anugul,2025,November,9,2,0
Odisha,Anugul,2025,December,20,3,0
Orissa,Anugul,2025,December,11,4,0
Madhya Pradesh,Anuppur,2025,September,542,117,0
Madhya Pradesh,Anuppur,2025,October,527,67,5
Madhya Pradesh,Anuppur,2025,November,1016,84,7
Madhya Pradesh,Anuppur,2025,December,779,81,1
Bihar,Araria,2025,June,850,787,39
Bihar,Araria,2025,July,166,108,14
Bihar,Araria,2025,September,2770,1398,17
Bihar,Araria,2025,October,2809,1382,24
Bihar,Araria,2025,November,1602,986,14
Bihar,Araria,2025,December,1742,854,17
Tamil Nadu,Ariyalur,2025,September,657,97,0
Tamil Nadu,Ariyalur,2025,October,392,90,24
Tamil Nadu,Ariyalur,2025,November,550,180,39
Tamil Nadu,Ariyalur,2025,December,328,38,17
Gujarat,Arvalli,2025,April,144,32,30
Gujarat,Arvalli,2025,July,476,103,22
Gujarat,Arvalli,2025,September,490,98,4
Gujarat,Arvalli,2025,October,152,18,12
Gujarat,Arvalli,2025,November,308,47,25
Gujarat,Arvalli,2025,December,382,24,24
Bihar,Arwal,2025,May,43,156,10
Bihar,Arwal,2025,July,60,432,13
Bihar,Arwal,2025,September,215,866,0
Bihar,Arwal,2025,October,183,571,9
Bihar,Arwal,2025,November,177,573,0
Bihar,Arwal,2025,December,134,422,2
Madhya Pradesh,Ashok Nagar,2025,April,342,139,50
Madhya Pradesh,Ashok Nagar,2025,May,161,40,19
Madhya Pradesh,Ashok Nagar,2025,September,1537,604,7
Madhya Pradesh,Ashok Nagar,2025,October,326,116,18
Madhya Pradesh,Ashok Nagar,2025,November,754,209,55
Madhya Pradesh,Ashok Nagar,2025,December,606,177,18
Madhya Pradesh,Ashoknagar,2025,June,437,408,23
Madhya Pradesh,Ashoknagar,2025,July,1157,915,71
Uttar Pradesh,Auraiya,2025,September,840,649,3
Uttar Pradesh,Auraiya,2025,October,372,233,3
Uttar Pradesh,Auraiya,2025,November,618,371,0
Uttar Pradesh,Auraiya,2025,December,339,294,11
Maharashtra,Aurangabad,2025,March,196,103,46
Maharashtra,Aurangabad,2025,April,584,154,53
Maharashtra,Aurangabad,2025,July,2262,1549,24
Bihar,Aurangabad,2025,September,885,2232,8
Maharashtra,Aurangabad,2025,September,3457,1519,2
Bihar,Aurangabad,2025,October,645,1603,21
Maharashtra,Aurangabad,2025,October,1663,477,4
Bihar,Aurangabad,2025,November,816,2028,8
Maharashtra,Aurangabad,2025,November,2354,689,16
Bihar,Aurangabad,2025,December,655,1233,36
Maharashtra,Aurangabad,2025,December,1858,383,0
Bihar,Aurangabad(BH),2025,September,0,1,0
Bihar,Aurangabad(BH),2025,November,2,0,0
Bihar,Aurangabad(BH),2025,December,3,2,0
Bihar,Aurangabad(bh),2025,September,22,16,0
Bihar,Aurangabad(bh),2025,October,7,13,0
Bihar,Aurangabad(bh),2025,November,10,20,0
Bihar,Aurangabad(bh),2025,December,5,12,0
Uttar Pradesh,Ayodhya,2025,June,38,32,12
Uttar Pradesh,Ayodhya,2025,July,262,324,17
Uttar Pradesh,Ayodhya,2025,September,298,111,0
Uttar Pradesh,Ayodhya,2025,October,136,60,0
Uttar Pradesh,Ayodhya,2025,November,193,68,3
Uttar Pradesh,Ayodhya,2025,December,100,39,0
Uttar Pradesh,Azamgarh,2025,April,231,332,26
Uttar Pradesh,Azamgarh,2025,June,109,333,10
Uttar Pradesh,Azamgarh,2025,July,1034,2456,77
Uttar Pradesh,Azamgarh,2025,September,1883,4129,16
Uttar Pradesh,Azamgarh,2025,October,1131,2428,51
Uttar Pradesh,Azamgarh,2025,November,1325,2557,64
Uttar Pradesh,Azamgarh,2025,December,1004,1342,35
Jammu and Kashmir,Badgam,2025,September,473,85,0
Jammu and Kashmir,Badgam,2025,October,319,42,0
Jammu & Kashmir,Badgam,2025,November,0,2,0
Jammu and Kashmir,Badgam,2025,November,425,41,0
Jammu and Kashmir,Badgam,2025,December,457,22,1
Karnataka,Bagalkot,2025,September,2055,384,34
Karnataka,Bagalkot,2025,October,1080,189,7
Karnataka,Bagalkot,2025,November,1289,192,30
Karnataka,Bagalkot,2025,December,1734,135,13
Karnataka,Bagalkot *,2025,September,77,8,0
Karnataka,Bagalkot *,2025,October,51,6,0
Karnataka,Bagalkot *,2025,November,53,7,0
Karnataka,Bagalkot *,2025,December,37,10,0
Uttarakhand,Bageshwar,2025,September,219,22,0
Uttarakhand,Bageshwar,2025,October,143,14,0
Uttarakhand,Bageshwar,2025,November,217,16,1
Uttarakhand,Bageshwar,2025,December,96,13,1
Uttar Pradesh,Baghpat,2025,April,311,224,18
Uttar Pradesh,Baghpat,2025,June,61,171,12
Uttar Pradesh,Baghpat,2025,July,118,280,15
Uttar Pradesh,Baghpat,2025,September,1096,1184,34
Uttar Pradesh,Baghpat,2025,October,613,491,28
Uttar Pradesh,Baghpat,2025,November,738,538,43
Uttar Pradesh,Baghpat,2025,December,545,315,4
Uttar Pradesh,Bagpat,2025,November,0,1,0
Uttar Pradesh,Bahraich,2025,March,69,241,61
Uttar Pradesh,Bahraich,2025,April,1748,1784,281
Uttar Pradesh,Bahraich,2025,May,1485,1891,193
Uttar Pradesh,Bahraich,2025,June,1183,2599,287
Uttar Pradesh,Bahraich,2025,July,3919,6096,532
Uttar Pradesh,Bahraich,2025,September,2606,4385,381
Uttar Pradesh,Bahraich,2025,October,1409,2436,292
Uttar Pradesh,Bahraich,2025,November,1286,1704,225
Uttar Pradesh,Bahraich,2025,December,969,1224,52
Assam,Bajali,2025,September,7,5,0
Assam,Bajali,2025,October,4,0,0
Assam,Bajali,2025,November,3,3,2
Assam,Bajali,2025,December,5,0,0
Assam,Baksa,2025,March,11,14,13
Assam,Baksa,2025,April,408,483,187
Assam,Baksa,2025,May,37,25,20
Assam,Baksa,2025,June,28,12,12
Assam,Baksa,2025,July,110,71,39
Assam,Baksa,2025,September,493,215,1
Assam,Baksa,2025,October,408,128,90
Assam,Baksa,2025,November,322,138,25
Assam,Baksa,2025,December,303,93,13
Madhya Pradesh,Balaghat,2025,July,288,40,10
Madhya Pradesh,Balaghat,2025,September,1901,205,1
Madhya Pradesh,Balaghat,2025,October,1091,71,3
Madhya Pradesh,Balaghat,2025,November,1742,126,7
Madhya Pradesh,Balaghat,2025,December,1215,98,7
Odisha,Balangir,2025,September,1767,381,1
Orissa,Balangir,2025,September,156,47,0
Odisha,Balangir,2025,October,859,219,23
Orissa,Balangir,2025,October,64,20,0
Odisha,Balangir,2025,November,732,173,31
Orissa,Balangir,2025,November,59,16,0
Odisha,Balangir,2025,December,896,151,1
Orissa,Balangir,2025,December,49,25,0
Odisha,Baleshwar,2025,September,275,84,0
Orissa,Baleshwar,2025,September,131,22,0
Odisha,Baleshwar,2025,October,147,44,0
Orissa,Baleshwar,2025,October,86,11,0
Odisha,Baleshwar,2025,November,132,45,0
Orissa,Baleshwar,2025,November,66,6,0
Odisha,Baleshwar,2025,December,87,31,0
Orissa,Baleshwar,2025,December,54,8,0
Odisha,Baleswar,2025,September,2177,465,2
Odisha,Baleswar,2025,October,1032,268,1
Orissa,Baleswar,2025,October,1,0,0
Odisha,Baleswar,2025,November,922,256,0
Odisha,Baleswar,2025,December,733,158,1
Orissa,Baleswar,2025,December,1,1,0
Karnataka,Ballari,2025,September,893,114,24
Karnataka,Ballari,2025,October,425,52,6
Karnataka,Ballari,2025,November,618,53,24
Karnataka,Ballari,2025,December,514,48,10
Uttar Pradesh,Ballia,2025,September,1401,2137,4
Uttar Pradesh,Ballia,2025,October,856,1209,5
Uttar Pradesh,Ballia,2025,November,1083,1618,23
Uttar Pradesh,Ballia,2025,December,739,896,5
Chhattisgarh,Balod,2025,September,507,25,1
Chhattisgarh,Balod,2025,October,324,15,0
Chhattisgarh,Balod,2025,November,432,21,3
Chhattisgarh,Balod,2025,December,340,10,0
Chhattisgarh,Baloda Bazar,2025,May,492,35,17
Chhattisgarh,Baloda Bazar,2025,September,1207,194,8
Chhattisgarh,Baloda Bazar,2025,October,791,81,2
Chhattisgarh,Baloda Bazar,2025,November,1115,189,6
Chhattisgarh,Baloda Bazar,2025,December,744,63,0
Rajasthan,Balotra,2025,November,1,0,0
Uttar Pradesh,Balrampur,2025,April,429,642,32
Uttar Pradesh,Balrampur,2025,June,150,497,16
Chhattisgarh,Balrampur,2025,July,1344,579,65
Uttar Pradesh,Balrampur,2025,July,500,1822,58
Chhattisgarh,Balrampur,2025,September,1275,403,1
Uttar Pradesh,Balrampur,2025,September,849,1598,13
Chhattisgarh,Balrampur,2025,October,614,152,0
Uttar Pradesh,Balrampur,2025,October,615,1216,52
Chhattisgarh,Balrampur,2025,November,787,269,2
Uttar Pradesh,Balrampur,2025,November,898,1219,40
Chhattisgarh,Balrampur,2025,December,573,125,1
Uttar Pradesh,Balrampur,2025,December,740,913,25
Gujarat,Banas Kantha,2025,March,408,223,175
Gujarat,Banas Kantha,2025,June,1459,1675,156
Gujarat,Banas Kantha,2025,July,3990,4787,451
Gujarat,Banas Kantha,2025,September,45,18,0
Gujarat,Banas Kantha,2025,October,21,6,0
Gujarat,Banas Kantha,2025,November,49,8,0
Gujarat,Banas Kantha,2025,December,25,2,0
Gujarat,Banaskantha,2025,April,1685,1358,1001
Gujarat,Banaskantha,2025,May,1146,724,178
Gujarat,Banaskantha,2025,September,2546,2150,91
Gujarat,Banaskantha,2025,October,739,378,151
Gujarat,Banaskantha,2025,November,1803,685,139
Gujarat,Banaskantha,2025,December,2025,486,75
Uttar Pradesh,Banda,2025,March,31,24,11
Uttar Pradesh,Banda,2025,April,458,340,43
Uttar Pradesh,Banda,2025,May,730,804,70
Uttar Pradesh,Banda,2025,June,324,451,12
Uttar Pradesh,Banda,2025,July,401,753,11
Uttar Pradesh,Banda,2025,September,979,1472,10
Uttar Pradesh,Banda,2025,October,548,655,14
Uttar Pradesh,Banda,2025,November,811,674,17
Uttar Pradesh,Banda,2025,December,543,390,15
Jammu and Kashmir,Bandipore,2025,September,366,101,2
Jammu and Kashmir,Bandipore,2025,October,317,81,8
Jammu and Kashmir,Bandipore,2025,November,329,75,31
Jammu and Kashmir,Bandipore,2025,December,276,51,2
Jammu & Kashmir,Bandipur,2025,October,1,0,0
Jammu & Kashmir,Bandipur,2025,December,1,0,0
Karnataka,Bangalore,2025,September,1661,354,1
Karnataka,Bangalore,2025,October,1218,318,2
Karnataka,Bangalore,2025,November,1649,346,0
Karnataka,Bangalore,2025,December,1248,218,1
Karnataka,Bangalore Rural,2025,May,176,35,29
Karnataka,Bangalore Rural,2025,September,568,62,27
Karnataka,Bangalore Rural,2025,October,413,52,31
Karnataka,Bangalore Rural,2025,November,524,61,37
Karnataka,Bangalore Rural,2025,December,570,57,2
Bihar,Banka,2025,June,397,542,36
Bihar,Banka,2025,July,148,269,11
Bihar,Banka,2025,September,1531,1263,2
Bihar,Banka,2025,October,1330,870,20
Bihar,Banka,2025,November,1552,994,7
Bihar,Banka,2025,December,1240,859,3
West Bengal,Bankura,2025,September,2931,851,43
West Bengal,Bankura,2025,October,1844,385,2
West Bengal,Bankura,2025,November,2984,564,1
West Bengal,Bankura,2025,December,1324,322,104
Rajasthan,Banswara,2025,September,1902,1318,3
Rajasthan,Banswara,2025,October,533,408,0
Rajasthan,Banswara,2025,November,1038,770,21
Rajasthan,Banswara,2025,December,730,534,6
Andhra Pradesh,Bapatla,2025,September,113,18,3
Andhra Pradesh,Bapatla,2025,October,75,11,2
Andhra Pradesh,Bapatla,2025,November,133,13,6
Andhra Pradesh,Bapatla,2025,December,100,13,5
Uttar Pradesh,Bara Banki,2025,April,172,72,10
Uttar Pradesh,Bara Banki,2025,September,2168,1422,21
Uttar Pradesh,Bara Banki,2025,October,951,581,22
Uttar Pradesh,Bara Banki,2025,November,1384,714,33
Uttar Pradesh,Bara Banki,2025,December,1101,429,6
Uttar Pradesh,Barabanki,2025,July,1040,692,52
Uttar Pradesh,Barabanki,2025,September,152,118,0
Uttar Pradesh,Barabanki,2025,October,70,40,0
Uttar Pradesh,Barabanki,2025,November,77,48,0
Uttar Pradesh,Barabanki,2025,December,62,24,0
Jammu and Kashmir,Baramula,2025,May,136,39,12
Jammu & Kashmir,Baramula,2025,September,16,1,0
Jammu and Kashmir,Baramula,2025,September,768,162,3
Jammu & Kashmir,Baramula,2025,October,9,0,0
Jammu and Kashmir,Baramula,2025,October,480,103,6
Jammu & Kashmir,Baramula,2025,November,9,2,0
Jammu and Kashmir,Baramula,2025,November,750,147,42
Jammu & Kashmir,Baramula,2025,December,9,1,0
Jammu and Kashmir,Baramula,2025,December,1021,77,1
Rajasthan,Baran,2025,April,379,60,25
Rajasthan,Baran,2025,July,336,91,10
Rajasthan,Baran,2025,September,1575,646,14
Rajasthan,Baran,2025,October,450,175,6
Rajasthan,Baran,2025,November,1001,366,19
Rajasthan,Baran,2025,December,791,320,3
West Bengal,Barddhaman,2025,September,5014,1159,5
West Bengal,Barddhaman,2025,October,2610,637,1
West Bengal,Barddhaman,2025,November,3224,786,2
West Bengal,Barddhaman,2025,December,1968,424,6
Goa,Bardez,2025,September,1,0,0
Goa,Bardez,2025,November,1,0,0
West Bengal,Bardhaman,2025,September,534,165,0
West Bengal,Bardhaman,2025,October,286,83,0
West Bengal,Bardhaman,2025,November,344,120,0
West Bengal,Bardhaman,2025,December,181,60,3
Uttar Pradesh,Bareilly,2025,April,3176,1025,63
Uttar Pradesh,Bareilly,2025,May,1306,574,49
Uttar Pradesh,Bareilly,2025,June,1242,1198,75
Uttar Pradesh,Bareilly,2025,July,1671,1356,45
Uttar Pradesh,Bareilly,2025,September,3019,2296,43
Uttar Pradesh,Bareilly,2025,October,1924,1187,167
Uttar Pradesh,Bareilly,2025,November,2921,1561,137
Uttar Pradesh,Bareilly,2025,December,1928,820,28
Odisha,Bargarh,2025,September,1861,358,0
Orissa,Bargarh,2025,September,47,4,0
Odisha,Bargarh,2025,October,876,171,2
Orissa,Bargarh,2025,October,16,3,0
Odisha,Bargarh,2025,November,823,163,0
Orissa,Bargarh,2025,November,8,0,0
Odisha,Bargarh,2025,December,769,126,1
Orissa,Bargarh,2025,December,11,0,0
Rajasthan,Barmer,2025,June,684,259,10
Rajasthan,Barmer,2025,September,4413,2236,18
Rajasthan,Barmer,2025,October,1430,705,4
Rajasthan,Barmer,2025,November,2342,1158,41
Rajasthan,Barmer,2025,December,1653,875,23
Punjab,Barnala,2025,September,309,32,0
Punjab,Barnala,2025,October,218,12,2
Punjab,Barnala,2025,November,263,25,5
Punjab,Barnala,2025,December,136,10,1
Assam,Barpeta,2025,March,24,34,10
Assam,Barpeta,2025,April,138,54,23
Assam,Barpeta,2025,May,90,83,10
Assam,Barpeta,2025,June,699,376,104
Assam,Barpeta,2025,July,3310,895,184
Assam,Barpeta,2025,September,2848,843,11
Assam,Barpeta,2025,October,1303,408,25
Assam,Barpeta,2025,November,1286,394,158
Assam,Barpeta,2025,December,847,219,7
Madhya Pradesh,Barwani,2025,April,497,313,10
Madhya Pradesh,Barwani,2025,May,2114,1005,55
Madhya Pradesh,Barwani,2025,June,1067,1106,60
Madhya Pradesh,Barwani,2025,July,3561,3348,310
Madhya Pradesh,Barwani,2025,September,2115,1441,92
Madhya Pradesh,Barwani,2025,October,869,371,4
Madhya Pradesh,Barwani,2025,November,1264,437,83
Madhya Pradesh,Barwani,2025,December,1314,334,53
Chhattisgarh,Bastar,2025,September,1151,366,5
Chhattisgarh,Bastar,2025,October,595,309,1
Chhattisgarh,Bastar,2025,November,1056,753,0
Chhattisgarh,Bastar,2025,December,1992,380,0
Uttar Pradesh,Basti,2025,April,140,139,10
Uttar Pradesh,Basti,2025,September,1486,1760,14
Uttar Pradesh,Basti,2025,October,972,1230,27
Uttar Pradesh,Basti,2025,November,1336,1278,14
Uttar Pradesh,Basti,2025,December,889,809,15
Punjab,Bathinda,2025,September,952,123,2
Punjab,Bathinda,2025,October,466,60,1
Punjab,Bathinda,2025,November,604,77,14
Punjab,Bathinda,2025,December,366,38,1
Odisha,Baudh,2025,September,57,17,0
Odisha,Baudh,2025,October,30,7,0
Orissa,Baudh,2025,October,2,0,0
Odisha,Baudh,2025,November,28,5,0
Orissa,Baudh,2025,November,1,0,0
Odisha,Baudh,2025,December,23,4,0
Orissa,Baudh,2025,December,1,0,0
Rajasthan,Beawar,2025,December,1,0,0
Maharashtra,Beed,2025,April,379,52,19
Maharashtra,Beed,2025,May,366,63,15
Maharashtra,Beed,2025,June,659,294,46
Maharashtra,Beed,2025,July,1472,739,72
Maharashtra,Beed,2025,September,1545,741,25
Maharashtra,Beed,2025,October,904,215,7
Maharashtra,Beed,2025,November,1248,264,68
Maharashtra,Beed,2025,December,881,93,18
Bihar,Begusarai,2025,July,377,372,13
Bihar,Begusarai,2025,September,2338,1516,9
Bihar,Begusarai,2025,October,1526,969,23
Bihar,Begusarai,2025,November,1886,1100,9
Bihar,Begusarai,2025,December,1979,1088,4
Karnataka,Belagavi,2025,September,2418,254,25
Karnataka,Belagavi,2025,October,1387,134,30
Karnataka,Belagavi,2025,November,1806,125,58
Karnataka,Belagavi,2025,December,1452,109,7
Karnataka,Belgaum,2025,September,2097,363,1
Karnataka,Belgaum,2025,October,1127,186,1
Karnataka,Belgaum,2025,November,1463,201,0
Karnataka,Belgaum,2025,December,1174,130,0
Karnataka,Bellary,2025,September,1407,285,0
Karnataka,Bellary,2025,October,645,130,0
Karnataka,Bellary,2025,November,750,109,1
Karnataka,Bellary,2025,December,821,72,0
Chhattisgarh,Bemetara,2025,September,654,88,2
Chhattisgarh,Bemetara,2025,October,460,63,3
Chhattisgarh,Bemetara,2025,November,792,112,5
Chhattisgarh,Bemetara,2025,December,552,39,1
Karnataka,Bengaluru,2025,April,5774,1026,1047
Karnataka,Bengaluru,2025,May,2659,1723,869
Karnataka,Bengaluru,2025,September,3557,1001,559
Karnataka,Bengaluru,2025,October,2486,849,413
Karnataka,Bengaluru,2025,November,3349,1292,706
Karnataka,Bengaluru,2025,December,2616,841,213
Karnataka,Bengaluru Rural,2025,June,511,312,311
Karnataka,Bengaluru Rural,2025,July,927,417,310
Karnataka,Bengaluru Rural,2025,September,0,1,0
Karnataka,Bengaluru Rural,2025,October,1,0,0
Karnataka,Bengaluru South,2025,September,1,0,2
Karnataka,Bengaluru South,2025,October,2,27,0
Karnataka,Bengaluru South,2025,November,6,96,2
Karnataka,Bengaluru South,2025,December,6,60,1
Karnataka,Bengaluru Urban,2025,March,309,192,231
Karnataka,Bengaluru Urban,2025,June,5062,3223,1838
Karnataka,Bengaluru Urban,2025,July,6740,3752,1727
Madhya Pradesh,Betul,2025,April,193,20,10
Madhya Pradesh,Betul,2025,July,713,212,43
Madhya Pradesh,Betul,2025,September,1815,413,18
Madhya Pradesh,Betul,2025,October,1041,140,11
Madhya Pradesh,Betul,2025,November,1753,270,30
Madhya Pradesh,Betul,2025,December,1314,152,18
Bihar,Bhabua,2025,September,4,6,0
Bihar,Bhabua,2025,October,4,3,0
Bihar,Bhabua,2025,November,3,5,0
Bihar,Bhabua,2025,December,3,3,0
Uttar Pradesh,Bhadohi,2025,September,106,102,1
Uttar Pradesh,Bhadohi,2025,October,54,78,0
Uttar Pradesh,Bhadohi,2025,November,63,50,3
Uttar Pradesh,Bhadohi,2025,December,42,47,0
Telangana,Bhadradri Kothagudem,2025,July,507,109,23
Telangana,Bhadradri Kothagudem,2025,September,688,189,1
Telangana,Bhadradri Kothagudem,2025,October,549,187,13
Telangana,Bhadradri Kothagudem,2025,November,478,144,1
Telangana,Bhadradri Kothagudem,2025,December,268,53,1
Odisha,Bhadrak,2025,September,1490,540,0
Orissa,Bhadrak,2025,September,156,22,0
Odisha,Bhadrak,2025,October,736,242,1
Orissa,Bhadrak,2025,October,70,9,0
Odisha,Bhadrak,2025,November,678,216,11
Orissa,Bhadrak,2025,November,66,5,0
Odisha,Bhadrak,2025,December,465,139,2
Orissa,Bhadrak,2025,December,40,3,0
Bihar,Bhagalpur,2025,March,13,40,18
Bihar,Bhagalpur,2025,April,678,534,26
Bihar,Bhagalpur,2025,May,1500,1363,85
Bihar,Bhagalpur,2025,June,1407,2293,150
Bihar,Bhagalpur,2025,July,184,358,15
Bihar,Bhagalpur,2025,September,1902,2031,9
Bihar,Bhagalpur,2025,October,1281,1106,61
Bihar,Bhagalpur,2025,November,2131,1533,8
Bihar,Bhagalpur,2025,December,1360,971,5
Maharashtra,Bhandara,2025,September,596,36,2
Maharashtra,Bhandara,2025,October,252,6,2
Maharashtra,Bhandara,2025,November,456,8,2
Maharashtra,Bhandara,2025,December,538,5,0
Rajasthan,Bharatpur,2025,April,240,37,10
Rajasthan,Bharatpur,2025,July,1219,758,21
Rajasthan,Bharatpur,2025,September,3996,2505,37
Rajasthan,Bharatpur,2025,October,1363,972,16
Rajasthan,Bharatpur,2025,November,2149,1429,79
Rajasthan,Bharatpur,2025,December,1269,942,12
Gujarat,Bharuch,2025,April,138,50,23
Gujarat,Bharuch,2025,May,303,69,23
Gujarat,Bharuch,2025,September,1178,121,8
Gujarat,Bharuch,2025,October,447,61,9
Gujarat,Bharuch,2025,November,894,117,21
Gujarat,Bharuch,2025,December,785,90,14
Gujarat,Bhavnagar,2025,April,567,36,25
Gujarat,Bhavnagar,2025,June,189,39,11
Gujarat,Bhavnagar,2025,July,1614,403,127
Gujarat,Bhavnagar,2025,September,2316,430,89
Gujarat,Bhavnagar,2025,October,694,89,87
Gujarat,Bhavnagar,2025,November,1846,213,73
Gujarat,Bhavnagar,2025,December,1194,99,33
Rajasthan,Bhilwara,2025,June,430,117,20
Rajasthan,Bhilwara,2025,July,477,332,22
Rajasthan,Bhilwara,2025,September,3141,1068,25
Rajasthan,Bhilwara,2025,October,959,391,20
Rajasthan,Bhilwara,2025,November,1751,611,72
Rajasthan,Bhilwara,2025,December,1107,516,24
Madhya Pradesh,Bhind,2025,March,54,33,22
Madhya Pradesh,Bhind,2025,April,732,228,91
Madhya Pradesh,Bhind,2025,May,670,238,48
Madhya Pradesh,Bhind,2025,June,507,328,50
Madhya Pradesh,Bhind,2025,July,2108,1743,204
Madhya Pradesh,Bhind,2025,September,1435,948,108
Madhya Pradesh,Bhind,2025,October,610,321,33
Madhya Pradesh,Bhind,2025,November,1367,596,76
Madhya Pradesh,Bhind,2025,December,1000,410,7
Haryana,Bhiwani,2025,September,937,55,2
Haryana,Bhiwani,2025,October,715,34,7
Haryana,Bhiwani,2025,November,963,34,7
Haryana,Bhiwani,2025,December,706,29,0
Bihar,Bhojpur,2025,July,184,626,13
Bihar,Bhojpur,2025,September,835,2653,15
Bihar,Bhojpur,2025,October,657,2244,22
Bihar,Bhojpur,2025,November,797,2561,38
Bihar,Bhojpur,2025,December,663,2031,18
Madhya Pradesh,Bhopal,2025,April,316,47,20
Madhya Pradesh,Bhopal,2025,June,690,115,28
Madhya Pradesh,Bhopal,2025,July,918,198,17
Madhya Pradesh,Bhopal,2025,September,3101,458,18
Madhya Pradesh,Bhopal,2025,October,1658,196,15
Madhya Pradesh,Bhopal,2025,November,2570,308,46
Madhya Pradesh,Bhopal,2025,December,2003,130,10
Maharashtra,Bid,2025,September,137,62,0
Maharashtra,Bid,2025,October,112,22,0
Maharashtra,Bid,2025,November,105,31,0
Maharashtra,Bid,2025,December,85,14,0
Karnataka,Bidar,2025,July,107,52,10
Karnataka,Bidar,2025,September,1237,367,6
Karnataka,Bidar,2025,October,790,155,8
Karnataka,Bidar,2025,November,1045,220,36
Karnataka,Bidar,2025,December,781,102,4
Chhattisgarh,Bijapur,2025,March,66,31,63
Chhattisgarh,Bijapur,2025,April,397,135,126
Chhattisgarh,Bijapur,2025,May,275,180,155
Chhattisgarh,Bijapur,2025,June,205,254,173
Chhattisgarh,Bijapur,2025,July,802,346,243
Chhattisgarh,Bijapur,2025,September,377,237,196
Karnataka,Bijapur,2025,September,1375,440,1
Chhattisgarh,Bijapur,2025,October,242,176,74
Karnataka,Bijapur,2025,October,592,190,2
Chhattisgarh,Bijapur,2025,November,476,208,184
Karnataka,Bijapur,2025,November,669,175,1
Chhattisgarh,Bijapur,2025,December,761,194,148
Karnataka,Bijapur,2025,December,660,125,1
Karnataka,Bijapur(KAR),2025,November,2,0,0
Karnataka,Bijapur(KAR),2025,December,1,0,0
Uttar Pradesh,Bijnor,2025,May,1351,432,39
Uttar Pradesh,Bijnor,2025,September,3164,1300,2
Uttar Pradesh,Bijnor,2025,October,2918,791,11
Uttar Pradesh,Bijnor,2025,November,3559,884,11
Uttar Pradesh,Bijnor,2025,December,1943,436,10
Rajasthan,Bikaner,2025,April,552,261,16
Rajasthan,Bikaner,2025,May,421,164,20
Rajasthan,Bikaner,2025,June,721,539,33
Rajasthan,Bikaner,2025,July,763,452,30
Rajasthan,Bikaner,2025,September,2186,1865,32
Rajasthan,Bikaner,2025,October,739,655,16
Rajasthan,Bikaner,2025,November,1164,876,36
Rajasthan,Bikaner,2025,December,918,808,16
Chhattisgarh,Bilaspur,2025,July,1156,309,11
Chhattisgarh,Bilaspur,2025,September,2203,375,0
Himachal Pradesh,Bilaspur,2025,September,254,3,0
Chhattisgarh,Bilaspur,2025,October,1429,269,2
Himachal Pradesh,Bilaspur,2025,October,222,5,0
Chhattisgarh,Bilaspur,2025,November,1625,316,5
Himachal Pradesh,Bilaspur,2025,November,305,4,0
Chhattisgarh,Bilaspur,2025,December,1077,163,1
Himachal Pradesh,Bilaspur,2025,December,204,2,0
West Bengal,Birbhum,2025,May,204,61,13
West Bengal,Birbhum,2025,June,139,65,17
West Bengal,Birbhum,2025,July,575,159,35
West Bengal,Birbhum,2025,September,3927,580,8
West Bengal,Birbhum,2025,October,2952,460,0
West Bengal,Birbhum,2025,November,3418,472,1
West Bengal,Birbhum,2025,December,2146,244,33
Manipur,Bishnupur,2025,May,76,79,30
Manipur,Bishnupur,2025,September,136,178,8
Manipur,Bishnupur,2025,October,107,114,1
Manipur,Bishnupur,2025,November,128,130,3
Manipur,Bishnupur,2025,December,69,58,0
Assam,Biswanath,2025,April,104,114,32
Assam,Biswanath,2025,September,215,120,2
Assam,Biswanath,2025,October,148,72,1
Assam,Biswanath,2025,November,203,100,33
Assam,Biswanath,2025,December,119,58,8
Jharkhand,Bokaro,2025,September,1061,845,4
Jharkhand,Bokaro,2025,October,624,415,5
Jharkhand,Bokaro,2025,November,1101,661,4
Jharkhand,Bokaro,2025,December,719,357,4
Jharkhand,Bokaro *,2025,October,1,0,0
Jharkhand,Bokaro *,2025,November,1,0,0
Assam,Bongaigaon,2025,March,25,33,31
Assam,Bongaigaon,2025,April,221,87,61
Assam,Bongaigaon,2025,May,110,41,15
Assam,Bongaigaon,2025,June,33,14,14
Assam,Bongaigaon,2025,July,236,51,16
Assam,Bongaigaon,2025,September,734,161,6
Assam,Bongaigaon,2025,October,313,81,28
Assam,Bongaigaon,2025,November,385,95,14
Assam,Bongaigaon,2025,December,267,63,40
Gujarat,Botad,2025,April,291,21,20
Gujarat,Botad,2025,June,289,64,11
Gujarat,Botad,2025,July,800,246,44
Gujarat,Botad,2025,September,370,78,8
Gujarat,Botad,2025,October,71,15,21
Gujarat,Botad,2025,November,300,37,50
Gujarat,Botad,2025,December,181,13,17
Odisha,Boudh,2025,September,556,92,0
Odisha,Boudh,2025,October,256,67,0
Odisha,Boudh,2025,November,193,50,1
Odisha,Boudh,2025,December,172,36,1
Uttar Pradesh,Budaun,2025,April,480,267,13
Uttar Pradesh,Budaun,2025,May,222,228,11
Uttar Pradesh,Budaun,2025,June,210,353,12
Uttar Pradesh,Budaun,2025,July,1617,1656,53
Uttar Pradesh,Budaun,2025,September,2091,2180,104
Uttar Pradesh,Budaun,2025,October,770,855,61
Uttar Pradesh,Budaun,2025,November,1480,1104,53
Uttar Pradesh,Budaun,2025,December,903,764,42
Jammu and Kashmir,Budgam,2025,September,218,16,0
Jammu and Kashmir,Budgam,2025,October,174,10,3
Jammu and Kashmir,Budgam,2025,November,211,17,9
Jammu and Kashmir,Budgam,2025,December,190,8,3
Uttar Pradesh,Bulandshahar,2025,September,40,26,0
Uttar Pradesh,Bulandshahar,2025,October,33,7,0
Uttar Pradesh,Bulandshahar,2025,November,32,29,0
Uttar Pradesh,Bulandshahar,2025,December,10,8,0
Uttar Pradesh,Bulandshahr,2025,March,19,32,10
Uttar Pradesh,Bulandshahr,2025,April,612,527,49
Uttar Pradesh,Bulandshahr,2025,June,166,297,14
Uttar Pradesh,Bulandshahr,2025,July,604,749,11
Uttar Pradesh,Bulandshahr,2025,September,2691,2361,32
Uttar Pradesh,Bulandshahr,2025,October,1495,1024,35
Uttar Pradesh,Bulandshahr,2025,November,2070,1503,37
Uttar Pradesh,Bulandshahr,2025,December,1498,1028,21
Maharashtra,Buldana,2025,September,389,67,0
Maharashtra,Buldana,2025,October,199,17,0
Maharashtra,Buldana,2025,November,195,16,0
Maharashtra,Buldana,2025,December,180,12,0
Maharashtra,Buldhana,2025,June,306,51,11
Maharashtra,Buldhana,2025,July,1103,276,83
Maharashtra,Buldhana,2025,September,1758,456,19
Maharashtra,Buldhana,2025,October,806,120,3
Maharashtra,Buldhana,2025,November,908,113,13
Maharashtra,Buldhana,2025,December,968,77,13
Rajasthan,Bundi,2025,April,337,93,35
Rajasthan,Bundi,2025,July,121,85,17
Rajasthan,Bundi,2025,September,1257,410,7
Rajasthan,Bundi,2025,October,379,175,4
Rajasthan,Bundi,2025,November,690,324,49
Rajasthan,Bundi,2025,December,630,247,12
West Bengal,Burdwan,2025,October,2,0,0
Madhya Pradesh,Burhanpur,2025,April,547,155,100
Madhya Pradesh,Burhanpur,2025,May,724,179,29
Madhya Pradesh,Burhanpur,2025,June,1142,574,61
Madhya Pradesh,Burhanpur,2025,July,1706,1124,146
Madhya Pradesh,Burhanpur,2025,September,737,370,12
Madhya Pradesh,Burhanpur,2025,October,423,124,16
Madhya Pradesh,Burhanpur,2025,November,615,138,17
Madhya Pradesh,Burhanpur,2025,December,648,95,7
Bihar,Buxar,2025,September,856,1621,7
Bihar,Buxar,2025,October,561,1141,29
Bihar,Buxar,2025,November,595,1077,20
Bihar,Buxar,2025,December,516,809,8
Assam,Cachar,2025,April,988,461,299
Assam,Cachar,2025,June,847,584,201
Assam,Cachar,2025,July,4026,1357,490
Assam,Cachar,2025,September,2579,871,13
Assam,Cachar,2025,October,1150,427,304
Assam,Cachar,2025,November,1167,540,177
Assam,Cachar,2025,December,717,273,43
Delhi,Central Delhi,2025,April,80,41,12
Delhi,Central Delhi,2025,May,208,105,20
Delhi,Central Delhi,2025,June,134,49,11
Delhi,Central Delhi,2025,July,773,328,51
Delhi,Central Delhi,2025,September,494,195,36
Delhi,Central Delhi,2025,October,287,74,15
Delhi,Central Delhi,2025,November,446,134,40
Delhi,Central Delhi,2025,December,339,67,8
Karnataka,Chamarajanagar,2025,September,72,10,0
Karnataka,Chamarajanagar,2025,October,55,5,0
Karnataka,Chamarajanagar,2025,November,77,1,0
Karnataka,Chamarajanagar,2025,December,28,1,0
Karnataka,Chamarajanagar *,2025,September,8,0,0
Karnataka,Chamarajanagar *,2025,October,8,0,0
Karnataka,Chamarajanagar *,2025,November,4,0,0
Karnataka,Chamarajanagar *,2025,December,3,0,0
Himachal Pradesh,Chamba,2025,September,360,23,1
Himachal Pradesh,Chamba,2025,October,355,13,2
Himachal Pradesh,Chamba,2025,November,579,18,3
Himachal Pradesh,Chamba,2025,December,292,10,1
Uttarakhand,Chamoli,2025,September,336,35,2
Uttarakhand,Chamoli,2025,October,210,16,1
Uttarakhand,Chamoli,2025,November,231,18,0
Uttarakhand,Chamoli,2025,December,229,8,4
Uttarakhand,Champawat,2025,September,280,37,0
Uttarakhand,Champawat,2025,October,200,19,0
Uttarakhand,Champawat,2025,November,177,29,0
Uttarakhand,Champawat,2025,December,112,11,1
Mizoram,Champhai,2025,April,275,76,17
Mizoram,Champhai,2025,June,86,26,26
Mizoram,Champhai,2025,July,95,57,20
Mizoram,Champhai,2025,September,117,38,0
Mizoram,Champhai,2025,October,136,22,19
Mizoram,Champhai,2025,November,78,34,7
Mizoram,Champhai,2025,December,18,16,2
Karnataka,Chamrajanagar,2025,September,594,88,8
Karnataka,Chamrajanagar,2025,October,442,49,6
Karnataka,Chamrajanagar,2025,November,620,59,9
Karnataka,Chamrajanagar,2025,December,332,20,0
Karnataka,Chamrajnagar,2025,September,96,13,0
Karnataka,Chamrajnagar,2025,October,75,4,0
Karnataka,Chamrajnagar,2025,November,102,5,0
Karnataka,Chamrajnagar,2025,December,83,2,0
Uttar Pradesh,Chandauli,2025,April,195,192,41
Uttar Pradesh,Chandauli,2025,May,214,191,14
Uttar Pradesh,Chandauli,2025,June,138,314,15
Uttar Pradesh,Chandauli,2025,July,609,949,47
Uttar Pradesh,Chandauli,2025,September,1329,1488,22
Uttar Pradesh,Chandauli,2025,October,506,510,7
Uttar Pradesh,Chandauli,2025,November,973,922,20
Uttar Pradesh,Chandauli,2025,December,441,420,9
Manipur,Chandel,2025,September,109,244,2
Manipur,Chandel,2025,October,32,101,1
Manipur,Chandel,2025,November,69,91,2
Manipur,Chandel,2025,December,34,74,0
Chandigarh,Chandigarh,2025,April,86,21,10
Chandigarh,Chandigarh,2025,September,775,79,1
Chandigarh,Chandigarh,2025,October,429,44,0
Chandigarh,Chandigarh,2025,November,672,36,17
Chandigarh,Chandigarh,2025,December,511,31,8
Maharashtra,Chandrapur,2025,April,193,18,10
Maharashtra,Chandrapur,2025,June,198,24,10
Maharashtra,Chandrapur,2025,July,306,86,11
Maharashtra,Chandrapur,2025,September,1204,113,26
Maharashtra,Chandrapur,2025,October,512,36,9
Maharashtra,Chandrapur,2025,November,814,52,15
Maharashtra,Chandrapur,2025,December,787,46,5
Arunachal Pradesh,Changlang,2025,September,288,136,5
Arunachal Pradesh,Changlang,2025,October,76,117,1
Arunachal Pradesh,Changlang,2025,November,66,45,7
Arunachal Pradesh,Changlang,2025,December,56,6,0
Assam,Charaideo,2025,April,91,50,164
Assam,Charaideo,2025,May,29,11,10
Assam,Charaideo,2025,September,202,97,0
Assam,Charaideo,2025,October,106,63,0
Assam,Charaideo,2025,November,144,80,1
Assam,Charaideo,2025,December,87,35,19
Haryana,Charkhi Dadri,2025,September,253,2,0
Haryana,Charkhi Dadri,2025,October,146,6,0
Haryana,Charkhi Dadri,2025,November,300,6,0
Haryana,Charkhi Dadri,2025,December,140,5,0
Jharkhand,Chatra,2025,June,246,218,10
Jharkhand,Chatra,2025,July,330,161,10
Jharkhand,Chatra,2025,September,954,760,3
Jharkhand,Chatra,2025,October,498,362,3
Jharkhand,Chatra,2025,November,902,851,4
Jharkhand,Chatra,2025,December,518,467,5
Maharashtra,Chatrapati Sambhaji Nagar,2025,September,34,28,2
Maharashtra,Chatrapati Sambhaji Nagar,2025,October,21,20,1
Maharashtra,Chatrapati Sambhaji Nagar,2025,November,35,20,10
Maharashtra,Chatrapati Sambhaji Nagar,2025,December,24,13,3
Tamil Nadu,Chengalpattu,2025,July,138,62,26
Tamil Nadu,Chengalpattu,2025,September,272,57,16
Tamil Nadu,Chengalpattu,2025,October,141,41,0
Tamil Nadu,Chengalpattu,2025,November,179,113,13
Tamil Nadu,Chengalpattu,2025,December,132,46,17
Tamil Nadu,Chennai,2025,July,231,136,33
Tamil Nadu,Chennai,2025,September,2418,711,27
Tamil Nadu,Chennai,2025,October,1439,418,13
Tamil Nadu,Chennai,2025,November,2257,645,81
Tamil Nadu,Chennai,2025,December,1341,249,44
Madhya Pradesh,Chhatarpur,2025,April,555,255,40
Madhya Pradesh,Chhatarpur,2025,May,394,313,30
Madhya Pradesh,Chhatarpur,2025,June,272,401,41
Madhya Pradesh,Chhatarpur,2025,July,1628,1844,114
Madhya Pradesh,Chhatarpur,2025,September,2816,1375,24
Madhya Pradesh,Chhatarpur,2025,October,1036,466,17
Madhya Pradesh,Chhatarpur,2025,November,2385,741,33
Madhya Pradesh,Chhatarpur,2025,December,2418,570,68
Maharashtra,Chhatrapati Sambhajinagar,2025,September,148,171,3
Maharashtra,Chhatrapati Sambhajinagar,2025,October,71,68,135
Maharashtra,Chhatrapati Sambhajinagar,2025,November,100,75,81
Maharashtra,Chhatrapati Sambhajinagar,2025,December,92,51,15
Madhya Pradesh,Chhindwara,2025,September,2443,288,14
Madhya Pradesh,Chhindwara,2025,October,1687,105,25
Madhya Pradesh,Chhindwara,2025,November,2365,132,7
Madhya Pradesh,Chhindwara,2025,December,1813,100,2
Gujarat,Chhotaudepur,2025,April,242,121,119
Gujarat,Chhotaudepur,2025,May,127,61,28
Gujarat,Chhotaudepur,2025,June,97,34,10
Gujarat,Chhotaudepur,2025,July,815,816,231
Gujarat,Chhotaudepur,2025,September,278,128,18
Gujarat,Chhotaudepur,2025,October,92,35,37
Gujarat,Chhotaudepur,2025,November,269,66,119
Gujarat,Chhotaudepur,2025,December,295,42,27
Karnataka,Chickmagalur,2025,September,326,27,0
Karnataka,Chickmagalur,2025,October,226,25,0
Karnataka,Chickmagalur,2025,November,319,30,0
Karnataka,Chickmagalur,2025,December,258,20,0
Karnataka,Chikkaballapur,2025,September,903,94,5
Karnataka,Chikkaballapur,2025,October,594,68,0
Karnataka,Chikkaballapur,2025,November,707,78,0
Karnataka,Chikkaballapur,2025,December,638,56,9
Karnataka,Chikkamagaluru,2025,September,294,28,19
Karnataka,Chikkamagaluru,2025,October,207,19,9
Karnataka,Chikkamagaluru,2025,November,302,29,10
Karnataka,Chikkamagaluru,2025,December,215,19,0
Karnataka,Chikmagalur,2025,September,37,3,0
Karnataka,Chikmagalur,2025,October,32,2,0
Karnataka,Chikmagalur,2025,November,40,3,0
Karnataka,Chikmagalur,2025,December,36,1,0
Assam,Chirang,2025,March,12,29,15
Assam,Chirang,2025,April,189,199,179
Assam,Chirang,2025,July,893,364,52
Assam,Chirang,2025,September,335,175,1
Assam,Chirang,2025,October,145,83,1
Assam,Chirang,2025,November,223,135,2
Assam,Chirang,2025,December,216,86,14
Karnataka,Chitradurga,2025,September,1053,94,5
Karnataka,Chitradurga,2025,October,804,74,15
Karnataka,Chitradurga,2025,November,872,72,17
Karnataka,Chitradurga,2025,December,1313,86,8
Uttar Pradesh,Chitrakoot,2025,September,924,796,6
Uttar Pradesh,Chitrakoot,2025,October,659,547,4
Uttar Pradesh,Chitrakoot,2025,November,683,567,1
Uttar Pradesh,Chitrakoot,2025,December,685,526,3
Rajasthan,Chittaurgarh,2025,September,138,31,1
Rajasthan,Chittaurgarh,2025,October,28,12,0
Rajasthan,Chittaurgarh,2025,November,81,18,0
Rajasthan,Chittaurgarh,2025,December,39,9,0
Andhra Pradesh,Chittoor,2025,September,2314,246,12
Andhra Pradesh,Chittoor,2025,October,1618,165,5
Andhra Pradesh,Chittoor,2025,November,2143,170,13
Andhra Pradesh,Chittoor,2025,December,1418,78,13
Rajasthan,Chittorgarh,2025,July,835,701,40
Rajasthan,Chittorgarh,2025,September,1361,689,28
Rajasthan,Chittorgarh,2025,October,316,178,3
Rajasthan,Chittorgarh,2025,November,667,307,45
Rajasthan,Chittorgarh,2025,December,519,285,12
Nagaland,Chumukedima,2025,April,16,57,13
Nagaland,Chumukedima,2025,September,7,13,19
Nagaland,Chumukedima,2025,October,6,10,2
Nagaland,Chumukedima,2025,November,3,11,16
Nagaland,Chumukedima,2025,December,5,6,0
Manipur,Churachandpur,2025,April,130,476,26
Manipur,Churachandpur,2025,June,91,499,13
Manipur,Churachandpur,2025,July,348,1265,13
Manipur,Churachandpur,2025,September,238,400,12
Manipur,Churachandpur,2025,October,172,282,15
Manipur,Churachandpur,2025,November,164,239,13
Manipur,Churachandpur,2025,December,113,113,16
Rajasthan,Churu,2025,April,316,141,12
Rajasthan,Churu,2025,June,253,269,13
Rajasthan,Churu,2025,July,1072,1028,50
Rajasthan,Churu,2025,September,2645,1315,12
Rajasthan,Churu,2025,October,978,560,8
Rajasthan,Churu,2025,November,1495,796,57
Rajasthan,Churu,2025,December,1129,623,8
Tamil Nadu,Coimbatore,2025,May,59,19,11
Tamil Nadu,Coimbatore,2025,September,2466,566,12
Tamil Nadu,Coimbatore,2025,October,1520,382,0
Tamil Nadu,Coimbatore,2025,November,2013,572,9
Tamil Nadu,Coimbatore,2025,December,1081,265,11
West Bengal,Cooch Behar,2025,April,297,156,32
West Bengal,Cooch Behar,2025,May,991,606,77
West Bengal,Cooch Behar,2025,September,2203,997,44
West Bengal,Cooch Behar,2025,October,1823,714,3
West Bengal,Cooch Behar,2025,November,1317,546,6
West Bengal,Cooch Behar,2025,December,631,201,84
West Bengal,Coochbehar,2025,March,19,12,19
West Bengal,Coochbehar,2025,June,47,46,12
West Bengal,Coochbehar,2025,July,2074,2029,152
Tamil Nadu,Cuddalore,2025,May,120,11,10
Tamil Nadu,Cuddalore,2025,September,2753,364,0
Tamil Nadu,Cuddalore,2025,October,1264,206,0
Tamil Nadu,Cuddalore,2025,November,2140,392,2
Tamil Nadu,Cuddalore,2025,December,1216,120,32
Andhra Pradesh,Cuddapah,2025,September,1561,162,0
Andhra Pradesh,Cuddapah,2025,October,1206,83,0
Andhra Pradesh,Cuddapah,2025,November,1604,115,1
Andhra Pradesh,Cuddapah,2025,December,1148,53,1
Odisha,Cuttack,2025,September,1654,454,4
Orissa,Cuttack,2025,September,93,26,0
Odisha,Cuttack,2025,October,792,195,4
Orissa,Cuttack,2025,October,66,14,0
Odisha,Cuttack,2025,November,759,195,4
Orissa,Cuttack,2025,November,55,9,0
Odisha,Cuttack,2025,December,835,181,3
Orissa,Cuttack,2025,December,51,8,0
Dadra & Nagar Haveli,Dadra & Nagar Haveli,2025,September,9,2,0
Dadra & Nagar Haveli,Dadra & Nagar Haveli,2025,October,4,0,0
Dadra & Nagar Haveli,Dadra & Nagar Haveli,2025,November,7,1,0
Dadra & Nagar Haveli,Dadra & Nagar Haveli,2025,December,2,0,0
The Dadra And Nagar Haveli And Daman And Diu,Dadra And Nagar Haveli,2025,June,188,49,12
The Dadra And Nagar Haveli And Daman And Diu,Dadra And Nagar Haveli,2025,July,360,92,15
Dadra and Nagar Haveli,Dadra and Nagar Haveli,2025,September,322,36,1
Dadra and Nagar Haveli and Daman and Diu,Dadra and Nagar Haveli,2025,September,29,8,2
Dadra and Nagar Haveli,Dadra and Nagar Haveli,2025,October,97,13,0
Dadra and Nagar Haveli and Daman and Diu,Dadra and Nagar Haveli,2025,October,10,1,0
Dadra and Nagar Haveli,Dadra and Nagar Haveli,2025,November,150,14,1
Dadra and Nagar Haveli and Daman and Diu,Dadra and Nagar Haveli,2025,November,19,0,0
Dadra and Nagar Haveli,Dadra and Nagar Haveli,2025,December,100,8,2
Dadra and Nagar Haveli and Daman and Diu,Dadra and Nagar Haveli,2025,December,12,1,6
Gujarat,Dahod,2025,April,855,782,434
Gujarat,Dahod,2025,May,710,717,653
Gujarat,Dahod,2025,September,1358,1182,36
Gujarat,Dahod,2025,October,464,225,82
Gujarat,Dahod,2025,November,1297,762,63
Gujarat,Dahod,2025,December,657,223,9
Chhattisgarh,Dakshin Bastar Dantewada,2025,September,101,34,2
Chhattisgarh,Dakshin Bastar Dantewada,2025,October,69,32,17
Chhattisgarh,Dakshin Bastar Dantewada,2025,November,554,69,5
Chhattisgarh,Dakshin Bastar Dantewada,2025,December,304,37,0
West Bengal,Dakshin Dinajpur,2025,May,179,42,14
West Bengal,Dakshin Dinajpur,2025,September,2345,452,39
West Bengal,Dakshin Dinajpur,2025,October,1176,221,7
West Bengal,Dakshin Dinajpur,2025,November,1004,235,8
West Bengal,Dakshin Dinajpur,2025,December,654,119,31
Karnataka,Dakshina Kannada,2025,September,1658,119,5
Karnataka,Dakshina Kannada,2025,October,1262,152,42
Karnataka,Dakshina Kannada,2025,November,1659,176,30
Karnataka,Dakshina Kannada,2025,December,1317,83,2
Dadra and Nagar Haveli and Daman and Diu,Daman,2025,September,19,2,2
Daman & Diu,Daman,2025,September,3,0,0
Daman and Diu,Daman,2025,September,14,4,0
Dadra and Nagar Haveli and Daman and Diu,Daman,2025,October,4,0,0
Daman & Diu,Daman,2025,October,0,1,0
Daman and Diu,Daman,2025,October,6,1,0
Dadra and Nagar Haveli and Daman and Diu,Daman,2025,November,18,3,0
Daman & Diu,Daman,2025,November,2,0,0
Daman and Diu,Daman,2025,November,16,5,0
Dadra and Nagar Haveli and Daman and Diu,Daman,2025,December,8,0,7
Daman & Diu,Daman,2025,December,3,0,0
Daman and Diu,Daman,2025,December,11,1,0
Madhya Pradesh,Damoh,2025,September,1802,399,3
Madhya Pradesh,Damoh,2025,October,931,180,11
Madhya Pradesh,Damoh,2025,November,1381,225,32
Madhya Pradesh,Damoh,2025,December,967,134,1
Gujarat,Dang,2025,June,222,72,70
Gujarat,Dang,2025,July,309,107,92
Chhattisgarh,Dantewada,2025,September,51,27,0
Chhattisgarh,Dantewada,2025,October,38,10,0
Chhattisgarh,Dantewada,2025,November,359,66,0
Chhattisgarh,Dantewada,2025,December,136,23,0
Bihar,Darbhanga,2025,June,255,183,10
Bihar,Darbhanga,2025,September,3286,1960,10
Bihar,Darbhanga,2025,October,2224,1266,32
Bihar,Darbhanga,2025,November,2436,1433,14
Bihar,Darbhanga,2025,December,1816,835,5
West Bengal,Darjeeling,2025,April,383,200,75
West Bengal,Darjeeling,2025,May,297,223,78
West Bengal,Darjeeling,2025,June,203,316,166
West Bengal,Darjeeling,2025,July,607,694,184
West Bengal,Darjeeling,2025,September,896,450,56
West Bengal,Darjeeling,2025,October,450,232,24
West Bengal,Darjeeling,2025,November,663,302,8
West Bengal,Darjeeling,2025,December,468,162,182
West Bengal,Darjiling,2025,September,232,102,0
West Bengal,Darjiling,2025,October,131,25,0
West Bengal,Darjiling,2025,November,124,37,0
West Bengal,Darjiling,2025,December,48,25,2
Assam,Darrang,2025,April,654,340,270
Assam,Darrang,2025,May,87,53,308
Assam,Darrang,2025,June,63,25,10
Assam,Darrang,2025,July,190,56,11
Assam,Darrang,2025,September,1221,556,7
Assam,Darrang,2025,October,672,306,107
Assam,Darrang,2025,November,762,325,575
Assam,Darrang,2025,December,741,253,3
Madhya Pradesh,Datia,2025,April,237,55,10
Madhya Pradesh,Datia,2025,July,435,384,20
Madhya Pradesh,Datia,2025,September,1388,721,7
Madhya Pradesh,Datia,2025,October,378,138,2
Madhya Pradesh,Datia,2025,November,912,306,3
Madhya Pradesh,Datia,2025,December,645,201,1
Rajasthan,Dausa,2025,September,1824,643,5
Rajasthan,Dausa,2025,October,674,317,0
Rajasthan,Dausa,2025,November,1120,512,39
Rajasthan,Dausa,2025,December,659,335,5
Karnataka,Davanagere,2025,September,161,10,0
Karnataka,Davanagere,2025,October,68,16,0
Karnataka,Davanagere,2025,November,114,12,0
Karnataka,Davanagere,2025,December,94,8,0
Karnataka,Davangere,2025,September,1316,111,9
Karnataka,Davangere,2025,October,738,92,7
Karnataka,Davangere,2025,November,849,84,26
Karnataka,Davangere,2025,December,1513,65,3
Odisha,Debagarh,2025,September,301,36,2
Orissa,Debagarh,2025,September,2,0,0
Odisha,Debagarh,2025,October,133,25,0
Orissa,Debagarh,2025,October,2,0,0
Odisha,Debagarh,2025,November,111,13,2
Orissa,Debagarh,2025,November,2,0,0
Odisha,Debagarh,2025,December,231,21,1
Orissa,Debagarh,2025,December,1,0,0
Rajasthan,Deeg,2025,October,2,3,0
Rajasthan,Deeg,2025,November,3,12,12
Rajasthan,Deeg,2025,December,8,21,0
Rajasthan,Deeg ,2025,September,0,2,0
Rajasthan,Deeg ,2025,November,1,3,0
Rajasthan,Deeg ,2025,December,0,2,0
Uttarakhand,Dehradun,2025,March,123,43,10
Uttarakhand,Dehradun,2025,April,510,138,26
Uttarakhand,Dehradun,2025,May,477,135,12
Uttarakhand,Dehradun,2025,June,160,80,54
Uttarakhand,Dehradun,2025,July,1298,323,10
Uttarakhand,Dehradun,2025,September,1918,301,2
Uttarakhand,Dehradun,2025,October,1054,206,4
Uttarakhand,Dehradun,2025,November,1356,236,11
Uttarakhand,Dehradun,2025,December,901,92,5
Jharkhand,Deoghar,2025,March,12,25,18
Jharkhand,Deoghar,2025,April,371,342,10
Jharkhand,Deoghar,2025,September,1050,993,16
Jharkhand,Deoghar,2025,October,768,661,60
Jharkhand,Deoghar,2025,November,1384,1069,11
Jharkhand,Deoghar,2025,December,933,589,12
Uttar Pradesh,Deoria,2025,May,384,503,20
Uttar Pradesh,Deoria,2025,July,130,240,11
Uttar Pradesh,Deoria,2025,September,1694,1899,10
Uttar Pradesh,Deoria,2025,October,723,915,28
Uttar Pradesh,Deoria,2025,November,1013,1184,37
Uttar Pradesh,Deoria,2025,December,756,702,8
Gujarat,Devbhumi Dwarka,2025,April,186,44,54
Gujarat,Devbhumi Dwarka,2025,May,167,26,23
Gujarat,Devbhumi Dwarka,2025,July,359,163,55
Gujarat,Devbhumi Dwarka,2025,September,477,98,17
Gujarat,Devbhumi Dwarka,2025,October,135,22,44
Gujarat,Devbhumi Dwarka,2025,November,274,42,22
Gujarat,Devbhumi Dwarka,2025,December,247,27,8
Madhya Pradesh,Dewas,2025,April,427,65,10
Madhya Pradesh,Dewas,2025,May,518,87,17
Madhya Pradesh,Dewas,2025,July,544,292,13
Madhya Pradesh,Dewas,2025,September,1737,758,11
Madhya Pradesh,Dewas,2025,October,1158,227,1
Madhya Pradesh,Dewas,2025,November,2576,319,20
Madhya Pradesh,Dewas,2025,December,1433,210,19
Tripura,Dhalai,2025,June,60,87,20
Tripura,Dhalai,2025,September,258,199,0
Tripura,Dhalai,2025,October,107,83,5
Tripura,Dhalai,2025,November,187,159,10
Tripura,Dhalai,2025,December,165,79,1
Tripura,Dhalai  *,2025,September,16,1,0
Tripura,Dhalai  *,2025,October,1,1,0
Tripura,Dhalai  *,2025,November,6,1,0
Tripura,Dhalai  *,2025,December,5,1,0
Chhattisgarh,Dhamtari,2025,September,614,26,2
Chhattisgarh,Dhamtari,2025,October,350,17,0
Chhattisgarh,Dhamtari,2025,November,554,33,0
Chhattisgarh,Dhamtari,2025,December,358,13,1
Jharkhand,Dhanbad,2025,July,782,722,34
Jharkhand,Dhanbad,2025,September,1983,1346,11
Jharkhand,Dhanbad,2025,October,1394,580,7
Jharkhand,Dhanbad,2025,November,1928,1040,23
Jharkhand,Dhanbad,2025,December,791,373,17
Madhya Pradesh,Dhar,2025,April,396,116,107
Madhya Pradesh,Dhar,2025,June,892,570,65
Madhya Pradesh,Dhar,2025,July,518,380,24
Madhya Pradesh,Dhar,2025,September,1993,1123,12
Madhya Pradesh,Dhar,2025,October,1203,402,123
Madhya Pradesh,Dhar,2025,November,1952,532,70
Madhya Pradesh,Dhar,2025,December,1780,430,24
Maharashtra,Dharashiv,2025,September,28,14,0
Maharashtra,Dharashiv,2025,October,19,6,13
Maharashtra,Dharashiv,2025,November,18,7,14
Maharashtra,Dharashiv,2025,December,24,1,0
Tamil Nadu,Dharmapuri,2025,September,1472,253,0
Tamil Nadu,Dharmapuri,2025,October,999,172,14
Tamil Nadu,Dharmapuri,2025,November,1549,289,9
Tamil Nadu,Dharmapuri,2025,December,820,137,25
Karnataka,Dharwad,2025,September,1536,111,3
Karnataka,Dharwad,2025,October,986,104,7
Karnataka,Dharwad,2025,November,1341,94,9
Karnataka,Dharwad,2025,December,870,42,0
Rajasthan,Dhaulpur,2025,September,45,16,0
Rajasthan,Dhaulpur,2025,October,9,8,0
Rajasthan,Dhaulpur,2025,November,28,12,0
Rajasthan,Dhaulpur,2025,December,11,10,0
Assam,Dhemaji,2025,March,20,46,19
Assam,Dhemaji,2025,April,179,176,52
Assam,Dhemaji,2025,May,264,174,153
Assam,Dhemaji,2025,June,135,126,55
Assam,Dhemaji,2025,July,1625,576,337
Assam,Dhemaji,2025,September,566,274,66
Assam,Dhemaji,2025,October,267,140,257
Assam,Dhemaji,2025,November,441,175,211
Assam,Dhemaji,2025,December,367,159,41
Odisha,Dhenkanal,2025,September,1027,255,0
Orissa,Dhenkanal,2025,September,36,11,0
Odisha,Dhenkanal,2025,October,375,87,0
Orissa,Dhenkanal,2025,October,22,4,0
Odisha,Dhenkanal,2025,November,349,87,1
Orissa,Dhenkanal,2025,November,19,3,0
Odisha,Dhenkanal,2025,December,607,96,7
Orissa,Dhenkanal,2025,December,31,0,0
Rajasthan,Dholpur,2025,April,947,347,50
Rajasthan,Dholpur,2025,July,467,247,13
Rajasthan,Dholpur,2025,September,2045,844,2
Rajasthan,Dholpur,2025,October,614,363,3
Rajasthan,Dholpur,2025,November,1021,539,77
Rajasthan,Dholpur,2025,December,625,371,5
Assam,Dhubri,2025,March,89,229,98
Assam,Dhubri,2025,April,998,654,80
Assam,Dhubri,2025,June,323,198,24
Assam,Dhubri,2025,July,774,306,27
Assam,Dhubri,2025,September,2776,1048,5
Assam,Dhubri,2025,October,1260,458,108
Assam,Dhubri,2025,November,1264,592,22
Assam,Dhubri,2025,December,948,364,1
Maharashtra,Dhule,2025,May,118,46,18
Maharashtra,Dhule,2025,June,793,484,211
Maharashtra,Dhule,2025,July,1410,1107,127
Maharashtra,Dhule,2025,September,2028,2152,26
Maharashtra,Dhule,2025,October,788,384,62
Maharashtra,Dhule,2025,November,1156,390,63
Maharashtra,Dhule,2025,December,951,279,12
Arunachal Pradesh,Dibang Valley,2025,September,2,2,0
Arunachal Pradesh,Dibang Valley,2025,October,3,1,0
Arunachal Pradesh,Dibang Valley,2025,November,1,0,0
Arunachal Pradesh,Dibang Valley,2025,December,1,0,0
Assam,Dibrugarh,2025,March,10,12,14
Assam,Dibrugarh,2025,April,179,149,186
Assam,Dibrugarh,2025,May,140,95,149
Assam,Dibrugarh,2025,June,413,127,134
Assam,Dibrugarh,2025,July,1455,488,541
Assam,Dibrugarh,2025,September,652,306,52
Assam,Dibrugarh,2025,October,362,174,144
Assam,Dibrugarh,2025,November,409,226,218
Assam,Dibrugarh,2025,December,275,98,54
Rajasthan,Didwana-Kuchaman,2025,December,2,0,0
Assam,Dima Hasao,2025,June,33,28,10
Assam,Dima Hasao,2025,July,83,51,14
Assam,Dima Hasao,2025,September,1,10,2
Assam,Dima Hasao,2025,October,0,7,2
Assam,Dima Hasao,2025,November,1,5,0
Assam,Dima Hasao,2025,December,1,2,0
Nagaland,Dimapur,2025,April,249,454,80
Nagaland,Dimapur,2025,May,155,207,22
Nagaland,Dimapur,2025,June,105,240,32
Nagaland,Dimapur,2025,July,246,456,82
Nagaland,Dimapur,2025,September,121,210,22
Nagaland,Dimapur,2025,October,115,125,8
Nagaland,Dimapur,2025,November,107,77,29
Nagaland,Dimapur,2025,December,20,33,1
West Bengal,Dinajpur Dakshin,2025,July,707,256,34
West Bengal,Dinajpur Uttar,2025,March,26,18,27
West Bengal,Dinajpur Uttar,2025,June,1295,1253,118
West Bengal,Dinajpur Uttar,2025,July,5157,3588,189
Tamil Nadu,Dindigul,2025,September,1809,526,2
Tamil Nadu,Dindigul,2025,October,805,251,0
Tamil Nadu,Dindigul,2025,November,1318,458,3
Tamil Nadu,Dindigul,2025,December,746,158,7
Madhya Pradesh,Dindori,2025,September,762,111,0
Madhya Pradesh,Dindori,2025,October,447,50,0
Madhya Pradesh,Dindori,2025,November,424,51,1
Madhya Pradesh,Dindori,2025,December,776,37,0
Dadra and Nagar Haveli and Daman and Diu,Diu,2025,September,6,1,3
Daman & Diu,Diu,2025,September,6,0,0
Daman and Diu,Diu,2025,September,11,0,0
Daman & Diu,Diu,2025,October,2,0,0
Daman and Diu,Diu,2025,October,14,0,0
Dadra and Nagar Haveli and Daman and Diu,Diu,2025,November,2,5,0
Daman & Diu,Diu,2025,November,1,0,0
Daman and Diu,Diu,2025,November,19,1,0
Dadra and Nagar Haveli and Daman and Diu,Diu,2025,December,4,0,1
Daman & Diu,Diu,2025,December,3,0,0
Daman and Diu,Diu,2025,December,16,1,0
Jammu And Kashmir,Doda,2025,July,261,260,17
Jammu and Kashmir,Doda,2025,September,270,145,0
Jammu and Kashmir,Doda,2025,October,1178,261,0
Jammu & Kashmir,Doda,2025,November,2,0,0
Jammu and Kashmir,Doda,2025,November,858,272,10
Jammu and Kashmir,Doda,2025,December,880,85,5
Gujarat,Dohad,2025,March,32,37,41
Gujarat,Dohad,2025,June,1162,1835,191
Gujarat,Dohad,2025,July,2702,4861,438
Gujarat,Dohad,2025,September,414,277,0
Gujarat,Dohad,2025,October,151,57,0
Gujarat,Dohad,2025,November,382,219,0
Gujarat,Dohad,2025,December,160,44,0
Andhra Pradesh,Dr. B. R. Ambedkar Konaseema,2025,September,199,12,9
Andhra Pradesh,Dr. B. R. Ambedkar Konaseema,2025,October,99,9,1
Andhra Pradesh,Dr. B. R. Ambedkar Konaseema,2025,November,179,7,4
Andhra Pradesh,Dr. B. R. Ambedkar Konaseema,2025,December,141,2,3
Jharkhand,Dumka,2025,April,34,32,23
Jharkhand,Dumka,2025,June,74,110,14
Jharkhand,Dumka,2025,July,61,117,10
Jharkhand,Dumka,2025,September,827,963,8
Jharkhand,Dumka,2025,October,496,533,13
Jharkhand,Dumka,2025,November,817,850,16
Jharkhand,Dumka,2025,December,434,391,2
Rajasthan,Dungarpur,2025,April,66,83,13
Rajasthan,Dungarpur,2025,September,1620,1149,3
Rajasthan,Dungarpur,2025,October,563,365,1
Rajasthan,Dungarpur,2025,November,917,635,35
Rajasthan,Dungarpur,2025,December,703,417,1
Chhattisgarh,Durg,2025,April,336,38,10
Chhattisgarh,Durg,2025,July,385,94,16
Chhattisgarh,Durg,2025,September,946,162,12
Chhattisgarh,Durg,2025,October,355,50,1
Chhattisgarh,Durg,2025,November,843,115,7
Chhattisgarh,Durg,2025,December,663,61,1
Sikkim,East,2025,September,90,83,1
Sikkim,East,2025,October,41,27,0
Sikkim,East,2025,November,69,37,1
Sikkim,East,2025,December,15,6,0
Bihar,East Champaran,2025,April,1528,2371,153
Bihar,East Champaran,2025,May,1445,2871,192
Bihar,East Champaran,2025,September,2554,4580,128
Bihar,East Champaran,2025,October,1268,2409,127
Bihar,East Champaran,2025,November,1788,3445,147
Bihar,East Champaran,2025,December,1564,2695,58
Delhi,East Delhi,2025,April,676,221,15
Delhi,East Delhi,2025,May,969,342,67
Delhi,East Delhi,2025,June,660,299,26
Delhi,East Delhi,2025,July,1319,504,55
Delhi,East Delhi,2025,September,1578,459,22
Delhi,East Delhi,2025,October,855,198,11
Delhi,East Delhi,2025,November,1168,301,21
Delhi,East Delhi,2025,December,830,134,6
Meghalaya,East Garo Hills,2025,April,491,1124,293
Meghalaya,East Garo Hills,2025,May,180,448,267
Meghalaya,East Garo Hills,2025,June,70,469,341
Meghalaya,East Garo Hills,2025,July,73,606,387
Meghalaya,East Garo Hills,2025,September,136,464,185
Meghalaya,East Garo Hills,2025,October,26,135,78
Meghalaya,East Garo Hills,2025,November,33,99,117
Meghalaya,East Garo Hills,2025,December,3,21,6
Andhra Pradesh,East Godavari,2025,September,2291,209,3
Andhra Pradesh,East Godavari,2025,October,1361,126,1
Andhra Pradesh,East Godavari,2025,November,2041,116,5
Andhra Pradesh,East Godavari,2025,December,1468,56,1
Meghalaya,East Jaintia Hills,2025,April,434,765,283
Meghalaya,East Jaintia Hills,2025,May,125,248,256
Meghalaya,East Jaintia Hills,2025,June,96,414,308
Meghalaya,East Jaintia Hills,2025,July,200,571,516
Meghalaya,East Jaintia Hills,2025,September,64,173,171
Meghalaya,East Jaintia Hills,2025,October,38,85,105
Meghalaya,East Jaintia Hills,2025,November,19,75,143
Meghalaya,East Jaintia Hills,2025,December,7,23,14
Arunachal Pradesh,East Kameng,2025,September,47,29,0
Arunachal Pradesh,East Kameng,2025,October,18,21,0
Arunachal Pradesh,East Kameng,2025,November,14,16,14
Arunachal Pradesh,East Kameng,2025,December,9,13,0
Meghalaya,East Khasi Hills,2025,March,44,92,164
Meghalaya,East Khasi Hills,2025,April,1437,4688,1673
Meghalaya,East Khasi Hills,2025,May,768,2259,1867
Meghalaya,East Khasi Hills,2025,June,287,1875,978
Meghalaya,East Khasi Hills,2025,July,756,3426,2404
Meghalaya,East Khasi Hills,2025,September,406,1031,885
Meghalaya,East Khasi Hills,2025,October,236,527,638
Meghalaya,East Khasi Hills,2025,November,225,517,1106
Meghalaya,East Khasi Hills,2025,December,99,191,233
West Bengal,East Midnapore,2025,September,640,134,1
West Bengal,East Midnapore,2025,October,457,72,1
West Bengal,East Midnapore,2025,November,503,85,1
West Bengal,East Midnapore,2025,December,196,27,1
West Bengal,East Midnapur,2025,September,1,0,0
Madhya Pradesh,East Nimar,2025,July,189,254,15
Madhya Pradesh,East Nimar,2025,September,686,574,1
Madhya Pradesh,East Nimar,2025,October,392,268,0
Madhya Pradesh,East Nimar,2025,November,563,237,1
Madhya Pradesh,East Nimar,2025,December,508,167,4
Arunachal Pradesh,East Siang,2025,September,29,27,0
Arunachal Pradesh,East Siang,2025,October,21,21,0
Arunachal Pradesh,East Siang,2025,November,23,29,2
Arunachal Pradesh,East Siang,2025,December,7,9,0
Sikkim,East Sikkim,2025,September,67,77,7
Sikkim,East Sikkim,2025,October,40,26,5
Sikkim,East Sikkim,2025,November,50,26,1
Sikkim,East Sikkim,2025,December,27,7,6
Jharkhand,East Singhbhum,2025,April,55,54,11
Jharkhand,East Singhbhum,2025,July,180,100,13
Jharkhand,East Singhbhum,2025,September,1572,808,10
Jharkhand,East Singhbhum,2025,October,985,322,11
Jharkhand,East Singhbhum,2025,November,1598,540,36
Jharkhand,East Singhbhum,2025,December,1593,285,18
Jharkhand,East Singhbum,2025,July,848,546,53
Meghalaya,Eastern West Khasi Hills,2025,September,1,102,2
Meghalaya,Eastern West Khasi Hills,2025,October,1,63,2
Meghalaya,Eastern West Khasi Hills,2025,November,1,45,0
Meghalaya,Eastern West Khasi Hills,2025,December,0,16,585
Andhra Pradesh,Eluru,2025,September,165,16,1
Andhra Pradesh,Eluru,2025,October,100,10,1
Andhra Pradesh,Eluru,2025,November,180,13,10
Andhra Pradesh,Eluru,2025,December,123,6,4
Kerala,Ernakulam,2025,June,70,58,11
Kerala,Ernakulam,2025,July,87,111,26
Kerala,Ernakulam,2025,September,1092,559,17
Kerala,Ernakulam,2025,October,1013,369,38
Kerala,Ernakulam,2025,November,1244,467,153
Kerala,Ernakulam,2025,December,679,243,87
Tamil Nadu,Erode,2025,September,1879,320,0
Tamil Nadu,Erode,2025,October,966,243,0
Tamil Nadu,Erode,2025,November,1350,346,5
Tamil Nadu,Erode,2025,December,769,136,3
Uttar Pradesh,Etah,2025,April,724,354,13
Uttar Pradesh,Etah,2025,May,1092,457,48
Uttar Pradesh,Etah,2025,July,2059,1625,48
Uttar Pradesh,Etah,2025,September,956,686,10
Uttar Pradesh,Etah,2025,October,479,332,4
Uttar Pradesh,Etah,2025,November,835,582,24
Uttar Pradesh,Etah,2025,December,615,309,12
Uttar Pradesh,Etawah,2025,April,348,226,16
Uttar Pradesh,Etawah,2025,July,551,456,16
Uttar Pradesh,Etawah,2025,September,1155,994,14
Uttar Pradesh,Etawah,2025,October,581,378,41
Uttar Pradesh,Etawah,2025,November,906,512,26
Uttar Pradesh,Etawah,2025,December,632,299,3
Uttar Pradesh,Faizabad,2025,September,1576,1293,1
Uttar Pradesh,Faizabad,2025,October,841,572,0
Uttar Pradesh,Faizabad,2025,November,956,636,0
Uttar Pradesh,Faizabad,2025,December,679,370,2
Haryana,Faridabad,2025,March,80,60,10
Haryana,Faridabad,2025,April,1291,290,25
Haryana,Faridabad,2025,May,1358,311,32
Haryana,Faridabad,2025,June,1698,483,83
Haryana,Faridabad,2025,July,2678,733,54
Haryana,Faridabad,2025,September,1712,486,34
Haryana,Faridabad,2025,October,1018,216,7
Haryana,Faridabad,2025,November,1839,471,70
Haryana,Faridabad,2025,December,933,175,8
Punjab,Faridkot,2025,September,339,41,1
Punjab,Faridkot,2025,October,108,22,3
Punjab,Faridkot,2025,November,205,24,3
Punjab,Faridkot,2025,December,141,12,3
Uttar Pradesh,Farrukhabad,2025,June,73,102,11
Uttar Pradesh,Farrukhabad,2025,September,843,1069,17
Uttar Pradesh,Farrukhabad,2025,October,444,551,22
Uttar Pradesh,Farrukhabad,2025,November,792,730,30
Uttar Pradesh,Farrukhabad,2025,December,692,492,2
Haryana,Fatehabad,2025,September,572,35,5
Haryana,Fatehabad,2025,October,648,20,2
Haryana,Fatehabad,2025,November,768,24,2
Haryana,Fatehabad,2025,December,522,13,1
Punjab,Fatehgarh Sahib,2025,September,361,38,3
Punjab,Fatehgarh Sahib,2025,October,163,37,5
Punjab,Fatehgarh Sahib,2025,November,234,43,4
Punjab,Fatehgarh Sahib,2025,December,133,26,1
Uttar Pradesh,Fatehpur,2025,April,166,136,10
Uttar Pradesh,Fatehpur,2025,May,274,224,11
Uttar Pradesh,Fatehpur,2025,June,251,344,14
Uttar Pradesh,Fatehpur,2025,July,1271,1283,86
Uttar Pradesh,Fatehpur,2025,September,1641,1516,13
Uttar Pradesh,Fatehpur,2025,October,855,709,44
Uttar Pradesh,Fatehpur,2025,November,1185,856,41
Uttar Pradesh,Fatehpur,2025,December,883,514,6
Punjab,Fazilka,2025,September,756,123,3
Punjab,Fazilka,2025,October,281,48,1
Punjab,Fazilka,2025,November,344,51,1
Punjab,Fazilka,2025,December,249,49,5
Punjab,Ferozepur,2025,September,555,46,1
Punjab,Ferozepur,2025,October,227,30,0
Punjab,Ferozepur,2025,November,327,19,3
Punjab,Ferozepur,2025,December,153,19,1
Uttar Pradesh,Firozabad,2025,March,93,77,21
Uttar Pradesh,Firozabad,2025,June,1568,809,21
Uttar Pradesh,Firozabad,2025,July,1940,1040,10
Uttar Pradesh,Firozabad,2025,September,1380,1269,21
Uttar Pradesh,Firozabad,2025,October,645,532,11
Uttar Pradesh,Firozabad,2025,November,887,670,35
Uttar Pradesh,Firozabad,2025,December,737,529,5
Punjab,Firozpur,2025,September,185,25,0
Punjab,Firozpur,2025,October,47,7,0
Punjab,Firozpur,2025,November,68,13,0
Punjab,Firozpur,2025,December,47,3,0
Karnataka,Gadag,2025,September,1786,141,19
Karnataka,Gadag,2025,October,591,53,1
Karnataka,Gadag,2025,November,1059,104,0
Karnataka,Gadag,2025,December,652,51,0
Karnataka,Gadag *,2025,September,59,8,0
Karnataka,Gadag *,2025,October,16,0,0
Karnataka,Gadag *,2025,November,39,1,0
Karnataka,Gadag *,2025,December,21,1,0
Maharashtra,Gadchiroli,2025,September,815,148,7
Maharashtra,Gadchiroli,2025,October,267,30,1
Maharashtra,Gadchiroli,2025,November,408,42,12
Maharashtra,Gadchiroli,2025,December,594,48,2
Odisha,Gajapati,2025,September,803,165,2
Orissa,Gajapati,2025,September,3,0,0
Odisha,Gajapati,2025,October,281,49,2
Odisha,Gajapati,2025,November,361,53,9
Orissa,Gajapati,2025,November,4,0,0
Odisha,Gajapati,2025,December,213,51,5
Orissa,Gajapati,2025,December,1,0,0
Jammu and Kashmir,Ganderbal,2025,September,246,27,0
Jammu and Kashmir,Ganderbal,2025,October,140,10,1
Jammu and Kashmir,Ganderbal,2025,November,216,17,8
Jammu and Kashmir,Ganderbal,2025,December,171,5,2
Gujarat,Gandhinagar,2025,April,495,138,156
Gujarat,Gandhinagar,2025,May,251,28,16
Gujarat,Gandhinagar,2025,June,204,67,41
Gujarat,Gandhinagar,2025,July,322,96,129
Gujarat,Gandhinagar,2025,September,941,184,46
Gujarat,Gandhinagar,2025,October,311,77,38
Gujarat,Gandhinagar,2025,November,903,160,189
Gujarat,Gandhinagar,2025,December,648,87,123
Rajasthan,Ganganagar,2025,September,1464,551,9
Rajasthan,Ganganagar,2025,October,578,178,2
Rajasthan,Ganganagar,2025,November,852,266,26
Rajasthan,Ganganagar,2025,December,1292,281,5
Odisha,Ganjam,2025,September,2415,403,2
Orissa,Ganjam,2025,September,109,22,0
Odisha,Ganjam,2025,October,1324,188,0
Orissa,Ganjam,2025,October,86,5,0
Odisha,Ganjam,2025,November,1577,230,5
Orissa,Ganjam,2025,November,89,16,0
Odisha,Ganjam,2025,December,1393,175,2
Orissa,Ganjam,2025,December,70,5,0
Jharkhand,Garhwa,2025,September,1431,565,0
Jharkhand,Garhwa,2025,October,771,263,7
Jharkhand,Garhwa,2025,November,1453,471,7
Jharkhand,Garhwa,2025,December,868,236,1
Jharkhand,Garhwa *,2025,September,87,28,0
Jharkhand,Garhwa *,2025,October,71,10,0
Jharkhand,Garhwa *,2025,November,99,17,0
Jharkhand,Garhwa *,2025,December,57,12,0
Uttarakhand,Garhwal,2025,September,18,1,0
Uttarakhand,Garhwal,2025,October,21,3,0
Uttarakhand,Garhwal,2025,November,9,0,0
Uttarakhand,Garhwal,2025,December,4,0,0
Chhattisgarh,Gariyaband,2025,September,446,75,2
Chhattisgarh,Gariyaband,2025,October,244,38,2
Chhattisgarh,Gariyaband,2025,November,371,77,2
Chhattisgarh,Gariyaband,2025,December,246,39,0
Chhattisgarh,Gaurela-pendra-marwahi,2025,September,41,8,0
Chhattisgarh,Gaurela-pendra-marwahi,2025,October,28,8,2
Chhattisgarh,Gaurela-pendra-marwahi,2025,November,28,3,2
Chhattisgarh,Gaurela-pendra-marwahi,2025,December,18,1,1
Chhattisgarh,Gaurella Pendra Marwahi,2025,June,403,185,43
Chhattisgarh,Gaurella Pendra Marwahi,2025,July,220,105,27
Uttar Pradesh,Gautam Buddha Nagar,2025,March,175,636,72
Uttar Pradesh,Gautam Buddha Nagar,2025,April,1192,1186,113
Uttar Pradesh,Gautam Buddha Nagar,2025,May,867,915,52
Uttar Pradesh,Gautam Buddha Nagar,2025,June,805,1017,87
Uttar Pradesh,Gautam Buddha Nagar,2025,July,1392,1633,150
Uttar Pradesh,Gautam Buddha Nagar,2025,September,1489,1627,54
Uttar Pradesh,Gautam Buddha Nagar,2025,October,988,725,27
Uttar Pradesh,Gautam Buddha Nagar,2025,November,1320,1022,45
Uttar Pradesh,Gautam Buddha Nagar,2025,December,774,557,37
Bihar,Gaya,2025,April,437,1371,54
Bihar,Gaya,2025,May,452,1796,69
Bihar,Gaya,2025,June,515,1341,37
Bihar,Gaya,2025,July,546,2601,65
Bihar,Gaya,2025,September,1467,4143,42
Bihar,Gaya,2025,October,996,3134,104
Bihar,Gaya,2025,November,1039,2688,25
Bihar,Gaya,2025,December,1270,3170,39
Uttar Pradesh,Ghaziabad,2025,March,129,471,89
Uttar Pradesh,Ghaziabad,2025,May,882,747,37
Uttar Pradesh,Ghaziabad,2025,June,1145,1293,42
Uttar Pradesh,Ghaziabad,2025,July,1776,1881,59
Uttar Pradesh,Ghaziabad,2025,September,2979,2524,71
Uttar Pradesh,Ghaziabad,2025,October,1473,1156,30
Uttar Pradesh,Ghaziabad,2025,November,2356,1753,51
Uttar Pradesh,Ghaziabad,2025,December,1244,868,14
Uttar Pradesh,Ghazipur,2025,September,1772,3069,26
Uttar Pradesh,Ghazipur,2025,October,769,1305,17
Uttar Pradesh,Ghazipur,2025,November,1018,1636,18
Uttar Pradesh,Ghazipur,2025,December,764,884,10
Gujarat,Gir Somnath,2025,April,1262,265,179
Gujarat,Gir Somnath,2025,May,181,53,26
Gujarat,Gir Somnath,2025,July,1000,287,57
Gujarat,Gir Somnath,2025,September,675,184,22
Gujarat,Gir Somnath,2025,October,252,49,53
Gujarat,Gir Somnath,2025,November,582,104,19
Gujarat,Gir Somnath,2025,December,423,33,17
Jharkhand,Giridih,2025,July,871,921,27
Jharkhand,Giridih,2025,September,2033,1714,21
Jharkhand,Giridih,2025,October,1258,1108,11
Jharkhand,Giridih,2025,November,2101,1839,19
Jharkhand,Giridih,2025,December,1432,944,4
Assam,Goalpara,2025,April,587,294,283
Assam,Goalpara,2025,May,412,253,116
Assam,Goalpara,2025,June,17,43,20
Assam,Goalpara,2025,July,2119,590,189
Assam,Goalpara,2025,September,1671,448,29
Assam,Goalpara,2025,October,750,224,22
Assam,Goalpara,2025,November,794,244,48
Assam,Goalpara,2025,December,531,124,90
Jharkhand,Godda,2025,April,79,46,11
Jharkhand,Godda,2025,September,995,765,1
Jharkhand,Godda,2025,October,507,373,3
Jharkhand,Godda,2025,November,1067,652,1
Jharkhand,Godda,2025,December,590,299,1
Assam,Golaghat,2025,April,568,501,144
Assam,Golaghat,2025,May,807,826,230
Assam,Golaghat,2025,June,561,502,202
Assam,Golaghat,2025,July,1617,1002,850
Assam,Golaghat,2025,September,907,457,64
Assam,Golaghat,2025,October,297,223,216
Assam,Golaghat,2025,November,434,347,212
Assam,Golaghat,2025,December,346,189,3
Tripura,Gomati,2025,July,69,45,10
Tripura,Gomati,2025,September,122,52,0
Tripura,Gomati,2025,October,55,27,1
Tripura,Gomati,2025,November,95,55,0
Tripura,Gomati,2025,December,123,25,0
Uttar Pradesh,Gonda,2025,April,392,260,50
Uttar Pradesh,Gonda,2025,July,1120,1506,96
Uttar Pradesh,Gonda,2025,September,2144,2479,66
Uttar Pradesh,Gonda,2025,October,1111,1213,23
Uttar Pradesh,Gonda,2025,November,1629,1273,24
Uttar Pradesh,Gonda,2025,December,1049,763,69
Maharashtra,Gondia,2025,September,10,1,0
Maharashtra,Gondia,2025,October,5,1,0
Maharashtra,Gondia,2025,November,5,2,0
Maharashtra,Gondia,2025,December,5,0,0
Maharashtra,Gondiya,2025,September,1022,58,2
Maharashtra,Gondiya,2025,October,483,9,0
Maharashtra,Gondiya,2025,November,704,22,1
Maharashtra,Gondiya,2025,December,571,15,3
Maharashtra,Gondiya *,2025,September,18,1,0
Maharashtra,Gondiya *,2025,October,13,1,0
Maharashtra,Gondiya *,2025,November,13,1,0
Maharashtra,Gondiya *,2025,December,9,1,0
Bihar,Gopalganj,2025,May,385,495,27
Bihar,Gopalganj,2025,June,577,1145,51
Bihar,Gopalganj,2025,July,882,1961,48
Bihar,Gopalganj,2025,September,1132,1917,7
Bihar,Gopalganj,2025,October,764,1426,31
Bihar,Gopalganj,2025,November,794,1420,24
Bihar,Gopalganj,2025,December,769,1285,8
Uttar Pradesh,Gorakhpur,2025,March,13,36,11
Uttar Pradesh,Gorakhpur,2025,April,378,727,86
Uttar Pradesh,Gorakhpur,2025,May,129,352,41
Uttar Pradesh,Gorakhpur,2025,June,213,572,41
Uttar Pradesh,Gorakhpur,2025,July,1187,2262,130
Uttar Pradesh,Gorakhpur,2025,September,1898,3260,27
Uttar Pradesh,Gorakhpur,2025,October,1117,1669,52
Uttar Pradesh,Gorakhpur,2025,November,1534,2063,29
Uttar Pradesh,Gorakhpur,2025,December,985,1149,8
Karnataka,Gulbarga,2025,September,1151,235,0
Karnataka,Gulbarga,2025,October,741,145,0
Karnataka,Gulbarga,2025,November,960,208,1
Karnataka,Gulbarga,2025,December,798,115,2
Jharkhand,Gumla,2025,June,228,131,10
Jharkhand,Gumla,2025,July,383,286,23
Jharkhand,Gumla,2025,September,1281,927,2
Jharkhand,Gumla,2025,October,628,398,26
Jharkhand,Gumla,2025,November,881,518,15
Jharkhand,Gumla,2025,December,682,264,18
Madhya Pradesh,Guna,2025,April,633,120,31
Madhya Pradesh,Guna,2025,July,637,423,12
Madhya Pradesh,Guna,2025,September,2653,878,4
Madhya Pradesh,Guna,2025,October,784,223,0
Madhya Pradesh,Guna,2025,November,1410,313,0
Madhya Pradesh,Guna,2025,December,1379,292,19
Andhra Pradesh,Guntur,2025,September,2402,337,9
Andhra Pradesh,Guntur,2025,October,1514,219,1
Andhra Pradesh,Guntur,2025,November,2698,257,14
Andhra Pradesh,Guntur,2025,December,2155,112,11
Punjab,Gurdaspur,2025,April,233,36,49
Punjab,Gurdaspur,2025,May,114,20,13
Punjab,Gurdaspur,2025,July,549,99,10
Punjab,Gurdaspur,2025,September,1298,152,3
Punjab,Gurdaspur,2025,October,726,79,12
Punjab,Gurdaspur,2025,November,984,113,33
Punjab,Gurdaspur,2025,December,532,59,6
Haryana,Gurgaon,2025,April,494,192,36
Haryana,Gurgaon,2025,May,512,143,13
Haryana,Gurgaon,2025,September,1395,311,53
Haryana,Gurgaon,2025,October,866,169,8
Haryana,Gurgaon,2025,November,1387,297,43
Haryana,Gurgaon,2025,December,763,135,44
Haryana,Gurugram,2025,March,18,19,13
Haryana,Gurugram,2025,June,534,207,81
Haryana,Gurugram,2025,July,1252,399,113
Madhya Pradesh,Gwalior,2025,March,179,86,62
Madhya Pradesh,Gwalior,2025,April,855,370,113
Madhya Pradesh,Gwalior,2025,May,338,108,18
Madhya Pradesh,Gwalior,2025,June,1064,789,77
Madhya Pradesh,Gwalior,2025,July,2413,1821,175
Madhya Pradesh,Gwalior,2025,September,2608,1077,30
Madhya Pradesh,Gwalior,2025,October,961,330,38
Madhya Pradesh,Gwalior,2025,November,2245,599,260
Madhya Pradesh,Gwalior,2025,December,1447,422,57
WEST BENGAL,HOOGHLY,2025,September,0,1,0
West Bengal,HOOGHLY,2025,October,1,0,0
WEST BENGAL,HOOGHLY,2025,November,3,0,0
WESTBENGAL,HOOGHLY,2025,November,1,0,0
West Bengal,HOOGHLY,2025,November,1,0,0
West Bengal,HOWRAH,2025,September,1,1,0
West Bengal,HOWRAH,2025,November,1,0,0
Assam,Hailakandi,2025,April,242,143,78
Assam,Hailakandi,2025,July,683,287,46
Assam,Hailakandi,2025,September,1295,468,1
Assam,Hailakandi,2025,October,562,176,116
Assam,Hailakandi,2025,November,665,219,45
Assam,Hailakandi,2025,December,379,148,25
Himachal Pradesh,Hamirpur,2025,September,271,4,0
Uttar Pradesh,Hamirpur,2025,September,777,584,10
Himachal Pradesh,Hamirpur,2025,October,292,5,0
Uttar Pradesh,Hamirpur,2025,October,306,260,8
Himachal Pradesh,Hamirpur,2025,November,389,5,0
Uttar Pradesh,Hamirpur,2025,November,572,357,5
Himachal Pradesh,Hamirpur,2025,December,229,2,1
Uttar Pradesh,Hamirpur,2025,December,385,197,4
Telangana,Hanumakonda,2025,September,333,34,0
Telangana,Hanumakonda,2025,October,227,30,1
Telangana,Hanumakonda,2025,November,228,29,4
Telangana,Hanumakonda,2025,December,128,16,0
Rajasthan,Hanumangarh,2025,July,456,284,11
Rajasthan,Hanumangarh,2025,September,1368,384,7
Rajasthan,Hanumangarh,2025,October,493,180,0
Rajasthan,Hanumangarh,2025,November,706,222,19
Rajasthan,Hanumangarh,2025,December,605,201,4
West Bengal,Haora,2025,September,788,368,0
West Bengal,Haora,2025,October,463,222,0
West Bengal,Haora,2025,November,511,228,0
West Bengal,Haora,2025,December,181,99,2
Uttar Pradesh,Hapur,2025,May,681,450,11
Uttar Pradesh,Hapur,2025,July,1010,770,11
Uttar Pradesh,Hapur,2025,September,904,553,5
Uttar Pradesh,Hapur,2025,October,554,338,2
Uttar Pradesh,Hapur,2025,November,679,366,7
Uttar Pradesh,Hapur,2025,December,622,294,5
Madhya Pradesh,Harda,2025,September,666,203,2
Madhya Pradesh,Harda,2025,October,240,52,2
Madhya Pradesh,Harda,2025,November,412,76,12
Madhya Pradesh,Harda,2025,December,415,52,2
Madhya Pradesh,Harda *,2025,September,221,63,0
Madhya Pradesh,Harda *,2025,October,79,14,0
Madhya Pradesh,Harda *,2025,November,132,11,0
Madhya Pradesh,Harda *,2025,December,71,19,0
Uttar Pradesh,Hardoi,2025,June,1123,1368,44
Uttar Pradesh,Hardoi,2025,July,4089,4330,75
Uttar Pradesh,Hardoi,2025,September,2670,2696,49
Uttar Pradesh,Hardoi,2025,October,1424,1237,53
Uttar Pradesh,Hardoi,2025,November,1929,1741,63
Uttar Pradesh,Hardoi,2025,December,1356,918,28
Uttarakhand,Hardwar,2025,September,33,14,0
Uttarakhand,Hardwar,2025,October,35,6,0
Uttarakhand,Hardwar,2025,November,36,6,0
Uttarakhand,Hardwar,2025,December,14,2,0
Uttarakhand,Haridwar,2025,March,17,15,28
Uttarakhand,Haridwar,2025,July,565,156,11
Uttarakhand,Haridwar,2025,September,1185,407,8
Uttarakhand,Haridwar,2025,October,967,209,1
Uttarakhand,Haridwar,2025,November,1105,258,2
Uttarakhand,Haridwar,2025,December,849,170,2
Karnataka,Hasan,2025,September,266,12,0
Karnataka,Hasan,2025,October,180,10,0
Karnataka,Hasan,2025,November,261,15,0
Karnataka,Hasan,2025,December,237,12,0
Karnataka,Hassan,2025,September,728,33,0
Karnataka,Hassan,2025,October,462,29,2
Karnataka,Hassan,2025,November,625,53,16
Karnataka,Hassan,2025,December,518,27,1
Uttar Pradesh,Hathras,2025,May,478,319,11
Uttar Pradesh,Hathras,2025,June,174,282,12
Uttar Pradesh,Hathras,2025,September,1017,796,16
Uttar Pradesh,Hathras,2025,October,497,328,10
Uttar Pradesh,Hathras,2025,November,827,503,24
Uttar Pradesh,Hathras,2025,December,822,368,9
Karnataka,Haveri,2025,September,1233,118,22
Karnataka,Haveri,2025,October,730,52,10
Karnataka,Haveri,2025,November,1015,58,17
Karnataka,Haveri,2025,December,939,38,10
Karnataka,Haveri *,2025,September,30,1,0
Karnataka,Haveri *,2025,October,23,1,0
Karnataka,Haveri *,2025,November,27,4,0
Karnataka,Haveri *,2025,December,31,0,0
West Bengal,Hawrah,2025,September,0,1,0
West Bengal,Hawrah,2025,October,3,2,0
Jharkhand,Hazaribag,2025,September,120,67,0
Jharkhand,Hazaribag,2025,October,77,39,0
Jharkhand,Hazaribag,2025,November,107,73,0
Jharkhand,Hazaribag,2025,December,54,29,0
Jharkhand,Hazaribagh,2025,April,169,65,14
Jharkhand,Hazaribagh,2025,September,1234,717,0
Jharkhand,Hazaribagh,2025,October,766,447,2
Jharkhand,Hazaribagh,2025,November,1239,559,15
Jharkhand,Hazaribagh,2025,December,717,260,0
Maharashtra,Hingoli,2025,April,913,95,136
Maharashtra,Hingoli,2025,May,246,31,34
Maharashtra,Hingoli,2025,June,261,62,14
Maharashtra,Hingoli,2025,July,2245,649,112
Maharashtra,Hingoli,2025,September,1009,352,31
Maharashtra,Hingoli,2025,October,504,101,26
Maharashtra,Hingoli,2025,November,635,107,11
Maharashtra,Hingoli,2025,December,546,60,9
Maharashtra,Hingoli *,2025,September,1,0,0
Haryana,Hisar,2025,June,350,46,10
Haryana,Hisar,2025,September,1327,84,2
Haryana,Hisar,2025,October,1096,56,1
Haryana,Hisar,2025,November,1324,88,5
Haryana,Hisar,2025,December,830,15,0
Mizoram,Hnahthial,2025,September,1,0,0
Mizoram,Hnahthial,2025,November,1,0,0
Assam,Hojai,2025,March,27,42,20
Assam,Hojai,2025,April,763,253,100
Assam,Hojai,2025,June,277,76,11
Assam,Hojai,2025,July,1750,350,23
Assam,Hojai,2025,September,1102,352,0
Assam,Hojai,2025,October,539,196,1
Assam,Hojai,2025,November,524,221,0
Assam,Hojai,2025,December,306,117,0
West Bengal,Hooghiy,2025,September,1,0,0
West Bengal,Hooghly,2025,July,177,111,12
West  Bengal,Hooghly,2025,September,8,4,0
West Bangal,Hooghly,2025,September,1,0,0
West Bengal,Hooghly,2025,September,3970,1534,82
Westbengal,Hooghly,2025,September,1,1,0
West Bangal,Hooghly,2025,October,2,0,0
West Bengal,Hooghly,2025,October,2693,767,3
Westbengal,Hooghly,2025,October,1,1,0
West  Bengal,Hooghly,2025,November,1,1,0
West Bangal,Hooghly,2025,November,0,1,0
West Bengal,Hooghly,2025,November,2642,931,10
Westbengal,Hooghly,2025,November,0,1,0
West  Bengal,Hooghly,2025,December,0,1,0
West Bangal,Hooghly,2025,December,2,0,0
West Bengal,Hooghly,2025,December,1650,510,235
Westbengal,Hooghly,2025,December,1,0,0
Madhya Pradesh,Hoshangabad,2025,July,179,90,12
Madhya Pradesh,Hoshangabad,2025,September,2154,329,0
Madhya Pradesh,Hoshangabad,2025,October,733,140,0
Madhya Pradesh,Hoshangabad,2025,November,1171,149,0
Madhya Pradesh,Hoshangabad,2025,December,921,104,0
Punjab,Hoshiarpur,2025,April,267,35,34
Punjab,Hoshiarpur,2025,May,197,48,18
Punjab,Hoshiarpur,2025,June,234,59,20
Punjab,Hoshiarpur,2025,July,277,66,22
Punjab,Hoshiarpur,2025,September,902,67,3
Punjab,Hoshiarpur,2025,October,472,40,11
Punjab,Hoshiarpur,2025,November,744,60,41
Punjab,Hoshiarpur,2025,December,422,26,69
West Bengal,Howrah,2025,July,149,200,12
West Bangal,Howrah,2025,September,2,1,0
West Bengal,Howrah,2025,September,3043,1156,33
West Bangal,Howrah,2025,October,0,1,0
West Bengal,Howrah,2025,October,1906,706,4
West Bengal,Howrah,2025,November,2053,720,0
West Bengal,Howrah,2025,December,986,342,97
West Bengal,Hugli,2025,September,59,15,0
West Bengal,Hugli,2025,October,26,13,0
West Bengal,Hugli,2025,November,31,9,0
West Bengal,Hugli,2025,December,32,9,0
Telangana,Hyderabad,2025,April,252,32,22
Telangana,Hyderabad,2025,May,736,154,21
Telangana,Hyderabad,2025,June,690,479,49
Telangana,Hyderabad,2025,July,5199,1820,233
Andhra Pradesh,Hyderabad,2025,September,1151,339,1
Telangana,Hyderabad,2025,September,3790,1074,78
Andhra Pradesh,Hyderabad,2025,October,967,280,0
Telangana,Hyderabad,2025,October,3289,740,58
Andhra Pradesh,Hyderabad,2025,November,1083,284,0
Telangana,Hyderabad,2025,November,3632,821,139
Andhra Pradesh,Hyderabad,2025,December,630,105,0
Telangana,Hyderabad,2025,December,2133,480,69
Kerala,Idukki,2025,September,415,94,1
Kerala,Idukki,2025,October,339,69,7
Kerala,Idukki,2025,November,423,64,15
Kerala,Idukki,2025,December,222,44,5
Manipur,Imphal East,2025,September,151,154,1
Manipur,Imphal East,2025,October,115,160,4
Manipur,Imphal East,2025,November,169,150,4
Manipur,Imphal East,2025,December,124,100,0
Manipur,Imphal West,2025,May,44,37,25
Manipur,Imphal West,2025,September,146,152,3
Manipur,Imphal West,2025,October,125,111,1
Manipur,Imphal West,2025,November,186,169,3
Manipur,Imphal West,2025,December,144,90,0
Madhya Pradesh,Indore,2025,April,830,205,48
Madhya Pradesh,Indore,2025,May,519,111,18
Madhya Pradesh,Indore,2025,June,411,138,12
Madhya Pradesh,Indore,2025,July,3340,1547,107
Madhya Pradesh,Indore,2025,September,3434,1158,139
Madhya Pradesh,Indore,2025,October,2066,581,107
Madhya Pradesh,Indore,2025,November,3386,818,97
Madhya Pradesh,Indore,2025,December,2699,451,81
Odisha,JAJPUR,2025,September,697,220,3
Odisha,JAJPUR,2025,October,355,87,13
Odisha,JAJPUR,2025,November,529,76,31
Odisha,JAJPUR,2025,December,386,73,2
Madhya Pradesh,Jabalpur,2025,April,125,23,11
Madhya Pradesh,Jabalpur,2025,July,361,87,14
Madhya Pradesh,Jabalpur,2025,September,3260,674,2
Madhya Pradesh,Jabalpur,2025,October,1909,340,0
Madhya Pradesh,Jabalpur,2025,November,2787,368,28
Madhya Pradesh,Jabalpur,2025,December,2211,221,46
Odisha,Jagatsinghapur,2025,September,737,124,0
Orissa,Jagatsinghapur,2025,September,10,0,0
Odisha,Jagatsinghapur,2025,October,1128,73,9
Orissa,Jagatsinghapur,2025,October,9,0,0
Odisha,Jagatsinghapur,2025,November,506,64,14
Orissa,Jagatsinghapur,2025,November,6,1,0
Odisha,Jagatsinghapur,2025,December,450,43,1
Orissa,Jagatsinghapur,2025,December,6,3,0
Odisha,Jagatsinghpur,2025,September,176,28,0
Odisha,Jagatsinghpur,2025,October,196,17,0
Odisha,Jagatsinghpur,2025,November,132,16,0
Odisha,Jagatsinghpur,2025,December,122,7,0
Telangana,Jagitial,2025,September,562,40,0
Telangana,Jagitial,2025,October,355,25,0
Telangana,Jagitial,2025,November,285,22,9
Telangana,Jagitial,2025,December,286,11,0
Meghalaya,Jaintia Hills,2025,October,4,0,0
Rajasthan,Jaipur,2025,April,2601,671,162
Rajasthan,Jaipur,2025,May,120,70,10
Rajasthan,Jaipur,2025,July,2242,1110,86
Rajasthan,Jaipur,2025,September,6530,2576,25
Rajasthan,Jaipur,2025,October,2359,1156,13
Rajasthan,Jaipur,2025,November,4561,1840,391
Rajasthan,Jaipur,2025,December,3023,1553,47
Rajasthan,Jaisalmer,2025,June,46,74,14
Rajasthan,Jaisalmer,2025,September,751,500,8
Rajasthan,Jaisalmer,2025,October,271,165,7
Rajasthan,Jaisalmer,2025,November,336,217,17
Rajasthan,Jaisalmer,2025,December,279,164,5
Odisha,Jajapur,2025,September,739,216,0
Orissa,Jajapur,2025,September,32,9,0
Odisha,Jajapur,2025,October,405,112,2
Orissa,Jajapur,2025,October,18,3,0
Odisha,Jajapur,2025,November,488,76,0
Orissa,Jajapur,2025,November,24,4,0
Odisha,Jajapur,2025,December,382,77,0
Orissa,Jajapur,2025,December,19,2,0
Odisha,Jajpur,2025,September,3,2,0
Odisha,Jajpur,2025,October,3,2,0
Odisha,Jajpur,2025,November,2,2,0
Odisha,Jajpur,2025,December,2,1,0
Punjab,Jalandhar,2025,September,1242,234,10
Punjab,Jalandhar,2025,October,770,179,21
Punjab,Jalandhar,2025,November,870,204,28
Punjab,Jalandhar,2025,December,432,115,13
Uttar Pradesh,Jalaun,2025,April,221,102,26
Uttar Pradesh,Jalaun,2025,June,228,277,16
Uttar Pradesh,Jalaun,2025,September,756,986,22
Uttar Pradesh,Jalaun,2025,October,389,400,17
Uttar Pradesh,Jalaun,2025,November,726,583,17
Uttar Pradesh,Jalaun,2025,December,471,293,27
Maharashtra,Jalgaon,2025,April,360,53,10
Maharashtra,Jalgaon,2025,May,506,92,43
Maharashtra,Jalgaon,2025,July,1065,343,55
Maharashtra,Jalgaon,2025,September,3346,1387,25
Maharashtra,Jalgaon,2025,October,1392,269,11
Maharashtra,Jalgaon,2025,November,2036,252,44
Maharashtra,Jalgaon,2025,December,1749,183,39
Maharashtra,Jalna,2025,September,1723,504,6
Maharashtra,Jalna,2025,October,877,149,0
Maharashtra,Jalna,2025,November,1051,181,11
Maharashtra,Jalna,2025,December,976,110,2
Rajasthan,Jalor,2025,April,1186,672,124
Rajasthan,Jalor,2025,September,3095,1889,8
Rajasthan,Jalor,2025,October,920,801,5
Rajasthan,Jalor,2025,November,1674,1349,89
Rajasthan,Jalor,2025,December,1007,1164,8
Rajasthan,Jalore,2025,July,296,181,13
Rajasthan,Jalore,2025,November,1,2,0
Rajasthan,Jalore,2025,December,1,0,0
West Bengal,Jalpaiguri,2025,April,194,62,36
West Bengal,Jalpaiguri,2025,May,493,413,74
West Bengal,Jalpaiguri,2025,June,74,176,65
West Bengal,Jalpaiguri,2025,July,234,344,65
West Bengal,Jalpaiguri,2025,September,1783,1409,65
West Bengal,Jalpaiguri,2025,October,849,720,22
West Bengal,Jalpaiguri,2025,November,1219,774,17
West Bengal,Jalpaiguri,2025,December,828,544,194
Jammu and Kashmir,Jammu,2025,May,55,16,10
Jammu & Kashmir,Jammu,2025,September,15,4,0
Jammu and Kashmir,Jammu,2025,September,1158,309,10
Jammu & Kashmir,Jammu,2025,October,16,1,0
Jammu and Kashmir,Jammu,2025,October,795,184,8
Jammu & Kashmir,Jammu,2025,November,16,4,0
Jammu and Kashmir,Jammu,2025,November,868,208,5
Jammu & Kashmir,Jammu,2025,December,5,1,0
Jammu and Kashmir,Jammu,2025,December,821,108,3
Gujarat,Jamnagar,2025,April,240,43,33
Gujarat,Jamnagar,2025,May,410,77,67
Gujarat,Jamnagar,2025,July,764,195,55
Gujarat,Jamnagar,2025,September,1253,242,25
Gujarat,Jamnagar,2025,October,614,70,9
Gujarat,Jamnagar,2025,November,973,117,78
Gujarat,Jamnagar,2025,December,744,55,14
Jharkhand,Jamtara,2025,September,1140,424,1
Jharkhand,Jamtara,2025,October,650,308,5
Jharkhand,Jamtara,2025,November,849,379,6
Jharkhand,Jamtara,2025,December,521,163,4
Bihar,Jamui,2025,April,1015,647,30
Bihar,Jamui,2025,May,245,292,13
Bihar,Jamui,2025,June,323,426,23
Bihar,Jamui,2025,September,1014,1266,21
Bihar,Jamui,2025,October,905,946,50
Bihar,Jamui,2025,November,987,904,14
Bihar,Jamui,2025,December,704,548,9
Telangana,Jangaon,2025,September,19,7,0
Telangana,Jangaon,2025,October,25,4,0
Telangana,Jangaon,2025,November,13,3,0
Telangana,Jangaon,2025,December,9,1,0
Telangana,Jangoan,2025,September,365,56,0
Telangana,Jangoan,2025,October,221,40,0
Telangana,Jangoan,2025,November,201,25,0
Telangana,Jangoan,2025,December,105,9,0
Chhattisgarh,Janjgir - Champa,2025,September,14,0,0
Chhattisgarh,Janjgir - Champa,2025,October,2,0,0
Chhattisgarh,Janjgir - Champa,2025,November,8,0,0
Chhattisgarh,Janjgir - Champa,2025,December,8,1,0
Chhattisgarh,Janjgir Champa,2025,September,10,0,0
Chhattisgarh,Janjgir Champa,2025,October,3,2,0
Chhattisgarh,Janjgir Champa,2025,November,4,2,0
Chhattisgarh,Janjgir Champa,2025,December,4,0,0
Chhattisgarh,Janjgir-champa,2025,September,1361,241,1
Chhattisgarh,Janjgir-champa,2025,October,828,115,0
Chhattisgarh,Janjgir-champa,2025,November,1097,140,0
Chhattisgarh,Janjgir-champa,2025,December,780,76,0
Chhattisgarh,Jashpur,2025,September,551,126,0
Chhattisgarh,Jashpur,2025,October,295,134,0
Chhattisgarh,Jashpur,2025,November,456,374,2
Chhattisgarh,Jashpur,2025,December,364,241,0
Uttar Pradesh,Jaunpur,2025,March,70,213,51
Uttar Pradesh,Jaunpur,2025,April,662,800,64
Uttar Pradesh,Jaunpur,2025,July,262,766,38
Uttar Pradesh,Jaunpur,2025,September,1516,3510,9
Uttar Pradesh,Jaunpur,2025,October,943,1942,8
Uttar Pradesh,Jaunpur,2025,November,1079,1984,32
Uttar Pradesh,Jaunpur,2025,December,868,1022,14
Telangana,Jayashankar Bhupalpally,2025,September,238,60,0
Telangana,Jayashankar Bhupalpally,2025,October,185,51,0
Telangana,Jayashankar Bhupalpally,2025,November,166,39,4
Telangana,Jayashankar Bhupalpally,2025,December,81,23,0
Bihar,Jehanabad,2025,April,78,292,48
Bihar,Jehanabad,2025,July,27,219,10
Bihar,Jehanabad,2025,September,235,1054,9
Bihar,Jehanabad,2025,October,195,829,49
Bihar,Jehanabad,2025,November,181,835,19
Bihar,Jehanabad,2025,December,199,598,6
Madhya Pradesh,Jhabua,2025,April,466,372,48
Madhya Pradesh,Jhabua,2025,May,308,316,10
Madhya Pradesh,Jhabua,2025,June,261,628,10
Madhya Pradesh,Jhabua,2025,July,908,1760,93
Madhya Pradesh,Jhabua,2025,September,1716,1543,18
Madhya Pradesh,Jhabua,2025,October,688,651,94
Madhya Pradesh,Jhabua,2025,November,1215,892,30
Madhya Pradesh,Jhabua,2025,December,1024,408,29
Haryana,Jhajjar,2025,September,804,36,2
Haryana,Jhajjar,2025,October,587,21,0
Haryana,Jhajjar,2025,November,665,27,5
Haryana,Jhajjar,2025,December,459,15,3
Haryana,Jhajjar *,2025,September,0,1,0
Rajasthan,Jhalawar,2025,April,112,49,12
Rajasthan,Jhalawar,2025,September,2269,762,7
Rajasthan,Jhalawar,2025,October,577,302,1
Rajasthan,Jhalawar,2025,November,1223,491,33
Rajasthan,Jhalawar,2025,December,797,398,3
Uttar Pradesh,Jhansi,2025,July,78,76,13
Uttar Pradesh,Jhansi,2025,September,1477,1050,10
Uttar Pradesh,Jhansi,2025,October,706,401,16
Uttar Pradesh,Jhansi,2025,November,1369,651,20
Uttar Pradesh,Jhansi,2025,December,940,341,12
West Bengal,Jhargram,2025,April,40,10,12
West Bengal,Jhargram,2025,September,270,69,10
West Bengal,Jhargram,2025,October,143,27,1
West Bengal,Jhargram,2025,November,184,39,0
West Bengal,Jhargram,2025,December,104,26,27
Odisha,Jharsuguda,2025,September,420,30,0
Orissa,Jharsuguda,2025,September,7,0,0
Odisha,Jharsuguda,2025,October,243,20,0
Orissa,Jharsuguda,2025,October,9,0,0
Odisha,Jharsuguda,2025,November,230,23,0
Orissa,Jharsuguda,2025,November,6,0,0
Odisha,Jharsuguda,2025,December,178,13,0
Orissa,Jharsuguda,2025,December,3,0,0
Rajasthan,Jhunjhunu,2025,September,92,48,0
Rajasthan,Jhunjhunu,2025,October,35,20,0
Rajasthan,Jhunjhunu,2025,November,44,23,0
Rajasthan,Jhunjhunu,2025,December,39,10,0
Rajasthan,Jhunjhunun,2025,September,2456,756,16
Rajasthan,Jhunjhunun,2025,October,1011,330,12
Rajasthan,Jhunjhunun,2025,November,1368,391,51
Rajasthan,Jhunjhunun,2025,December,914,299,7
Haryana,Jind,2025,September,1245,29,0
Haryana,Jind,2025,October,847,21,0
Haryana,Jind,2025,November,978,32,0
Haryana,Jind,2025,December,659,10,0
Manipur,Jiribam,2025,September,19,24,0
Manipur,Jiribam,2025,October,13,38,0
Manipur,Jiribam,2025,November,12,24,1
Manipur,Jiribam,2025,December,9,5,0
Rajasthan,Jodhpur,2025,April,1624,565,87
Rajasthan,Jodhpur,2025,May,595,190,15
Rajasthan,Jodhpur,2025,June,520,204,27
Rajasthan,Jodhpur,2025,July,1722,828,66
Rajasthan,Jodhpur,2025,September,4211,2111,119
Rajasthan,Jodhpur,2025,October,1505,702,9
Rajasthan,Jodhpur,2025,November,2303,1211,498
Rajasthan,Jodhpur,2025,December,2083,913,107
Telangana,Jogulamba Gadwal,2025,September,547,79,0
Telangana,Jogulamba Gadwal,2025,October,436,99,0
Telangana,Jogulamba Gadwal,2025,November,397,87,2
Telangana,Jogulamba Gadwal,2025,December,163,34,0
Assam,Jorhat,2025,April,210,156,154
Assam,Jorhat,2025,May,17,24,13
Assam,Jorhat,2025,June,24,19,13
Assam,Jorhat,2025,July,633,323,415
Assam,Jorhat,2025,September,597,229,2
Assam,Jorhat,2025,October,493,136,119
Assam,Jorhat,2025,November,626,152,119
Assam,Jorhat,2025,December,305,83,25
Gujarat,Junagadh,2025,April,250,27,12
Gujarat,Junagadh,2025,September,1725,246,18
Gujarat,Junagadh,2025,October,565,72,7
Gujarat,Junagadh,2025,November,1309,161,51
Gujarat,Junagadh,2025,December,1027,62,4
Uttar Pradesh,Jyotiba Phule Nagar,2025,September,17,9,0
Uttar Pradesh,Jyotiba Phule Nagar,2025,October,16,3,0
Uttar Pradesh,Jyotiba Phule Nagar,2025,November,17,6,0
Uttar Pradesh,Jyotiba Phule Nagar,2025,December,11,5,0
Andhra Pradesh,K.V.Rangareddy,2025,September,26,3,0
Andhra Pradesh,K.V.Rangareddy,2025,October,11,6,0
Andhra Pradesh,K.V.Rangareddy,2025,November,12,3,0
Andhra Pradesh,K.V.Rangareddy,2025,December,6,2,0
Telangana,K.v. Rangareddy,2025,April,159,25,28
Andhra Pradesh,K.v. Rangareddy,2025,September,6,1,0
Telangana,K.v. Rangareddy,2025,September,4459,1269,41
Andhra Pradesh,K.v. Rangareddy,2025,October,5,3,0
Telangana,K.v. Rangareddy,2025,October,3359,958,24
Andhra Pradesh,K.v. Rangareddy,2025,November,1,0,0
Telangana,K.v. Rangareddy,2025,November,3395,1034,39
Andhra Pradesh,K.v. Rangareddy,2025,December,3,0,0
Telangana,K.v. Rangareddy,2025,December,2192,395,32
West Bengal,KOLKATA,2025,October,0,1,0
Chhattisgarh,Kabeerdham,2025,September,276,25,0
Chhattisgarh,Kabeerdham,2025,October,183,15,0
Chhattisgarh,Kabeerdham,2025,November,211,36,3
Chhattisgarh,Kabeerdham,2025,December,190,16,0
Gujarat,Kachchh,2025,March,33,13,10
Gujarat,Kachchh,2025,April,587,242,78
Gujarat,Kachchh,2025,May,59,79,12
Gujarat,Kachchh,2025,June,73,49,11
Gujarat,Kachchh,2025,July,870,944,115
Gujarat,Kachchh,2025,September,1221,530,45
Gujarat,Kachchh,2025,October,617,156,41
Gujarat,Kachchh,2025,November,1572,380,176
Gujarat,Kachchh,2025,December,1144,212,33
Bihar,Kaimur (Bhabua),2025,April,146,199,12
Bihar,Kaimur (Bhabua),2025,May,273,642,22
Bihar,Kaimur (Bhabua),2025,June,165,536,10
Bihar,Kaimur (Bhabua),2025,July,264,420,10
Bihar,Kaimur (Bhabua),2025,September,778,1343,4
Bihar,Kaimur (Bhabua),2025,October,465,606,14
Bihar,Kaimur (Bhabua),2025,November,517,496,8
Bihar,Kaimur (Bhabua),2025,December,425,465,5
Haryana,Kaithal,2025,June,406,19,10
Haryana,Kaithal,2025,September,790,20,0
Haryana,Kaithal,2025,October,441,19,1
Haryana,Kaithal,2025,November,760,17,1
Haryana,Kaithal,2025,December,497,10,0
Manipur,Kakching,2025,September,12,25,1
Manipur,Kakching,2025,October,6,19,0
Manipur,Kakching,2025,November,14,17,0
Manipur,Kakching,2025,December,7,8,0
Andhra Pradesh,Kakinada,2025,September,238,24,9
Andhra Pradesh,Kakinada,2025,October,169,28,2
Andhra Pradesh,Kakinada,2025,November,246,19,11
Andhra Pradesh,Kakinada,2025,December,205,13,5
Karnataka,Kalaburagi,2025,April,560,31,17
Karnataka,Kalaburagi,2025,September,1093,215,10
Karnataka,Kalaburagi,2025,October,726,92,4
Karnataka,Kalaburagi,2025,November,976,164,53
Karnataka,Kalaburagi,2025,December,741,100,0
Odisha,Kalahandi,2025,September,1559,488,8
Orissa,Kalahandi,2025,September,4,0,0
Odisha,Kalahandi,2025,October,760,251,22
Orissa,Kalahandi,2025,October,3,0,0
Odisha,Kalahandi,2025,November,588,212,18
Orissa,Kalahandi,2025,November,4,0,0
Odisha,Kalahandi,2025,December,443,120,16
West Bengal,Kalimpong,2025,May,12,39,27
West Bengal,Kalimpong,2025,July,78,77,34
West Bengal,Kalimpong,2025,September,34,28,22
West Bengal,Kalimpong,2025,October,20,9,0
West Bengal,Kalimpong,2025,November,18,22,0
West Bengal,Kalimpong,2025,December,14,9,70
Tamil Nadu,Kallakurichi,2025,June,165,55,23
Tamil Nadu,Kallakurichi,2025,September,213,26,1
Tamil Nadu,Kallakurichi,2025,October,152,18,1
Tamil Nadu,Kallakurichi,2025,November,216,37,3
Tamil Nadu,Kallakurichi,2025,December,131,13,10
Telangana,Kamareddy,2025,September,680,65,0
Telangana,Kamareddy,2025,October,453,36,0
Telangana,Kamareddy,2025,November,509,27,0
Telangana,Kamareddy,2025,December,220,16,2
Arunachal Pradesh,Kamle,2025,September,2,18,0
Arunachal Pradesh,Kamle,2025,October,0,1,0
Arunachal Pradesh,Kamle,2025,November,0,5,2
Arunachal Pradesh,Kamle,2025,December,1,1,0
Assam,Kamrup,2025,March,13,20,13
Assam,Kamrup,2025,April,741,404,179
Assam,Kamrup,2025,May,813,580,264
Assam,Kamrup,2025,June,133,51,23
Assam,Kamrup,2025,July,2813,736,255
Meghalaya,Kamrup,2025,July,13,71,59
Assam,Kamrup,2025,September,1802,686,12
Assam,Kamrup,2025,October,1015,344,166
Assam,Kamrup,2025,November,1109,345,29
Assam,Kamrup,2025,December,872,204,44
Assam,Kamrup Metro,2025,April,276,396,213
Assam,Kamrup Metro,2025,May,67,42,53
Assam,Kamrup Metro,2025,June,55,54,65
Assam,Kamrup Metro,2025,July,259,168,82
Assam,Kamrup Metro,2025,September,597,602,5
Assam,Kamrup Metro,2025,October,421,290,384
Assam,Kamrup Metro,2025,November,573,399,503
Assam,Kamrup Metro,2025,December,406,104,32
Tamil Nadu,Kancheepuram,2025,April,229,75,24
Tamil Nadu,Kancheepuram,2025,September,3306,1071,16
Tamil Nadu,Kancheepuram,2025,October,1746,703,2
Tamil Nadu,Kancheepuram,2025,November,2583,1065,18
Tamil Nadu,Kancheepuram,2025,December,1765,440,7
Tamil Nadu,Kanchipuram,2025,March,12,12,10
Tamil Nadu,Kanchipuram,2025,June,264,76,11
Tamil Nadu,Kanchipuram,2025,October,0,1,0
Tamil Nadu,Kanchipuram,2025,December,1,0,0
Odisha,Kandhamal,2025,September,1348,224,0
Orissa,Kandhamal,2025,September,14,2,0
Odisha,Kandhamal,2025,October,464,80,7
Orissa,Kandhamal,2025,October,5,0,0
Odisha,Kandhamal,2025,November,452,74,1
Orissa,Kandhamal,2025,November,6,0,0
Odisha,Kandhamal,2025,December,339,60,0
Orissa,Kandhamal,2025,December,5,0,0
Himachal Pradesh,Kangra,2025,September,1190,35,6
Himachal Pradesh,Kangra,2025,October,901,15,4
Himachal Pradesh,Kangra,2025,November,1165,20,8
Himachal Pradesh,Kangra,2025,December,613,5,4
Chhattisgarh,Kanker,2025,September,464,102,0
Chhattisgarh,Kanker,2025,October,255,43,1
Chhattisgarh,Kanker,2025,November,370,69,1
Chhattisgarh,Kanker,2025,December,337,63,0
Uttar Pradesh,Kannauj,2025,July,425,628,29
Uttar Pradesh,Kannauj,2025,September,1040,1194,32
Uttar Pradesh,Kannauj,2025,October,444,491,15
Uttar Pradesh,Kannauj,2025,November,715,757,18
Uttar Pradesh,Kannauj,2025,December,459,385,6
Tamil Nadu,Kanniyakumari,2025,September,816,51,0
Tamil Nadu,Kanniyakumari,2025,October,444,30,0
Tamil Nadu,Kanniyakumari,2025,November,535,34,1
Tamil Nadu,Kanniyakumari,2025,December,344,20,0
Kerala,Kannur,2025,July,17,38,15
Kerala,Kannur,2025,September,1039,553,33
Kerala,Kannur,2025,October,869,357,43
Kerala,Kannur,2025,November,1334,528,76
Kerala,Kannur,2025,December,754,246,63
Uttar Pradesh,Kanpur Dehat,2025,April,469,364,75
Uttar Pradesh,Kanpur Dehat,2025,July,803,1060,48
Uttar Pradesh,Kanpur Dehat,2025,September,1028,1043,16
Uttar Pradesh,Kanpur Dehat,2025,October,444,397,16
Uttar Pradesh,Kanpur Dehat,2025,November,748,569,10
Uttar Pradesh,Kanpur Dehat,2025,December,540,369,18
Uttar Pradesh,Kanpur Nagar,2025,March,47,138,23
Uttar Pradesh,Kanpur Nagar,2025,April,1405,1363,222
Uttar Pradesh,Kanpur Nagar,2025,May,835,854,57
Uttar Pradesh,Kanpur Nagar,2025,June,347,597,39
Uttar Pradesh,Kanpur Nagar,2025,July,1289,1946,85
Uttar Pradesh,Kanpur Nagar,2025,September,2581,3142,71
Uttar Pradesh,Kanpur Nagar,2025,October,1436,1347,67
Uttar Pradesh,Kanpur Nagar,2025,November,2186,2114,66
Uttar Pradesh,Kanpur Nagar,2025,December,1301,1105,45
Tamil Nadu,Kanyakumari,2025,September,660,32,3
Tamil Nadu,Kanyakumari,2025,October,421,21,0
Tamil Nadu,Kanyakumari,2025,November,505,29,14
Tamil Nadu,Kanyakumari,2025,December,310,10,0
Punjab,Kapurthala,2025,April,302,65,305
Punjab,Kapurthala,2025,May,233,67,96
Punjab,Kapurthala,2025,June,182,67,68
Punjab,Kapurthala,2025,July,324,74,177
Punjab,Kapurthala,2025,September,380,64,64
Punjab,Kapurthala,2025,October,182,33,109
Punjab,Kapurthala,2025,November,314,47,234
Punjab,Kapurthala,2025,December,150,29,160
Pondicherry,Karaikal,2025,September,64,3,0
Puducherry,Karaikal,2025,September,146,11,0
Pondicherry,Karaikal,2025,October,32,3,0
Puducherry,Karaikal,2025,October,79,10,2
Pondicherry,Karaikal,2025,November,41,2,0
Puducherry,Karaikal,2025,November,86,6,7
Pondicherry,Karaikal,2025,December,17,0,0
Puducherry,Karaikal,2025,December,52,3,3
Rajasthan,Karauli,2025,April,348,105,12
Rajasthan,Karauli,2025,July,612,323,11
Rajasthan,Karauli,2025,September,2050,813,9
Rajasthan,Karauli,2025,October,722,369,0
Rajasthan,Karauli,2025,November,1373,647,72
Rajasthan,Karauli,2025,December,752,413,5
Assam,Karbi Anglong,2025,April,543,1030,323
Assam,Karbi Anglong,2025,May,446,1537,175
Assam,Karbi Anglong,2025,September,814,537,240
Assam,Karbi Anglong,2025,October,327,325,174
Assam,Karbi Anglong,2025,November,521,500,127
Assam,Karbi Anglong,2025,December,267,178,43
Jammu & Kashmir,Kargil,2025,September,1,0,0
Jammu and Kashmir,Kargil,2025,September,101,40,0
Ladakh,Kargil,2025,September,101,44,0
Jammu & Kashmir,Kargil,2025,October,1,0,0
Jammu and Kashmir,Kargil,2025,October,57,41,1
Ladakh,Kargil,2025,October,43,36,3
Jammu & Kashmir,Kargil,2025,November,0,2,0
Jammu and Kashmir,Kargil,2025,November,100,35,0
Ladakh,Kargil,2025,November,100,28,3
Jammu and Kashmir,Kargil,2025,December,128,23,0
Ladakh,Kargil,2025,December,121,12,1
Andhra Pradesh,Karim Nagar,2025,September,20,4,0
Andhra Pradesh,Karim Nagar,2025,October,21,4,0
Andhra Pradesh,Karim Nagar,2025,November,19,3,0
Andhra Pradesh,Karim Nagar,2025,December,11,0,0
Assam,Karimganj,2025,April,508,426,91
Assam,Karimganj,2025,May,286,282,193
Assam,Karimganj,2025,June,253,277,97
Assam,Karimganj,2025,July,1931,1057,183
Assam,Karimganj,2025,September,2809,1192,8
Assam,Karimganj,2025,October,1003,490,5
Assam,Karimganj,2025,November,1476,728,15
Assam,Karimganj,2025,December,1070,451,2
Andhra Pradesh,Karimnagar,2025,September,225,50,0
Telangana,Karimnagar,2025,September,1866,288,1
Andhra Pradesh,Karimnagar,2025,October,143,24,0
Telangana,Karimnagar,2025,October,1365,191,1
Andhra Pradesh,Karimnagar,2025,November,119,21,0
Telangana,Karimnagar,2025,November,1188,142,4
Andhra Pradesh,Karimnagar,2025,December,65,12,0
Telangana,Karimnagar,2025,December,696,65,1
Haryana,Karnal,2025,September,1285,66,1
Haryana,Karnal,2025,October,781,35,0
Haryana,Karnal,2025,November,943,45,4
Haryana,Karnal,2025,December,852,33,3
Tamil Nadu,Karur,2025,September,1309,248,1
Tamil Nadu,Karur,2025,October,593,117,0
Tamil Nadu,Karur,2025,November,874,219,0
Tamil Nadu,Karur,2025,December,586,70,2
Kerala,Kasaragod,2025,September,662,239,0
Kerala,Kasaragod,2025,October,577,186,33
Kerala,Kasaragod,2025,November,849,240,23
Kerala,Kasaragod,2025,December,607,133,6
Kerala,Kasargod,2025,September,64,13,0
Kerala,Kasargod,2025,October,72,20,0
Kerala,Kasargod,2025,November,62,20,0
Kerala,Kasargod,2025,December,53,11,0
Uttar Pradesh,Kasganj,2025,July,1047,1168,33
Uttar Pradesh,Kasganj,2025,September,654,653,49
Uttar Pradesh,Kasganj,2025,October,388,323,32
Uttar Pradesh,Kasganj,2025,November,639,519,18
Uttar Pradesh,Kasganj,2025,December,478,314,26
Jammu & Kashmir,Kathua,2025,September,2,0,0
Jammu and Kashmir,Kathua,2025,September,473,91,0
Jammu and Kashmir,Kathua,2025,October,394,67,4
Jammu & Kashmir,Kathua,2025,November,1,0,0
Jammu and Kashmir,Kathua,2025,November,922,97,4
Jammu & Kashmir,Kathua,2025,December,5,0,0
Jammu and Kashmir,Kathua,2025,December,846,55,1
Bihar,Katihar,2025,May,270,215,10
Bihar,Katihar,2025,June,488,463,34
Bihar,Katihar,2025,September,3631,1724,6
Bihar,Katihar,2025,October,2521,916,23
Bihar,Katihar,2025,November,2413,892,32
Bihar,Katihar,2025,December,2009,693,10
Madhya Pradesh,Katni,2025,March,53,42,11
Madhya Pradesh,Katni,2025,April,353,40,20
Madhya Pradesh,Katni,2025,June,195,88,10
Madhya Pradesh,Katni,2025,July,441,264,12
Madhya Pradesh,Katni,2025,September,2223,670,7
Madhya Pradesh,Katni,2025,October,1580,385,17
Madhya Pradesh,Katni,2025,November,1915,455,11
Madhya Pradesh,Katni,2025,December,1653,466,30
Uttar Pradesh,Kaushambi,2025,April,133,109,25
Uttar Pradesh,Kaushambi,2025,July,583,509,21
Uttar Pradesh,Kaushambi,2025,September,1109,1033,4
Uttar Pradesh,Kaushambi,2025,October,689,486,2
Uttar Pradesh,Kaushambi,2025,November,1076,580,16
Uttar Pradesh,Kaushambi,2025,December,766,321,1
Chhattisgarh,Kawardha,2025,September,585,74,0
Chhattisgarh,Kawardha,2025,October,395,52,0
Chhattisgarh,Kawardha,2025,November,552,75,1
Chhattisgarh,Kawardha,2025,December,352,56,0
Odisha,Kendrapara,2025,September,1189,352,1
Orissa,Kendrapara,2025,September,16,1,0
Odisha,Kendrapara,2025,October,602,137,42
Orissa,Kendrapara,2025,October,11,1,0
Odisha,Kendrapara,2025,November,604,140,5
Orissa,Kendrapara,2025,November,6,0,0
Odisha,Kendrapara,2025,December,766,124,0
Orissa,Kendrapara,2025,December,16,2,0
Orissa,Kendrapara *,2025,November,1,0,0
Odisha,Kendujhar,2025,September,1848,490,3
Orissa,Kendujhar,2025,September,18,1,0
Odisha,Kendujhar,2025,October,689,161,4
Orissa,Kendujhar,2025,October,5,2,0
Odisha,Kendujhar,2025,November,668,179,3
Orissa,Kendujhar,2025,November,2,2,0
Odisha,Kendujhar,2025,December,1125,202,5
Orissa,Kendujhar,2025,December,14,5,0
Bihar,Khagaria,2025,September,1480,1497,30
Bihar,Khagaria,2025,October,817,729,12
Bihar,Khagaria,2025,November,842,773,17
Bihar,Khagaria,2025,December,1209,780,10
Chhattisgarh,Khairagarh Chhuikhadan Gandai,2025,September,45,15,0
Chhattisgarh,Khairagarh Chhuikhadan Gandai,2025,October,33,9,0
Chhattisgarh,Khairagarh Chhuikhadan Gandai,2025,November,72,23,0
Chhattisgarh,Khairagarh Chhuikhadan Gandai,2025,December,33,16,0
Andhra Pradesh,Khammam,2025,September,340,119,0
Telangana,Khammam,2025,September,985,629,2
Andhra Pradesh,Khammam,2025,October,201,59,0
Telangana,Khammam,2025,October,690,179,2
Andhra Pradesh,Khammam,2025,November,227,72,0
Telangana,Khammam,2025,November,733,210,4
Andhra Pradesh,Khammam,2025,December,101,14,0
Telangana,Khammam,2025,December,392,61,1
Madhya Pradesh,Khandwa,2025,April,271,133,16
Madhya Pradesh,Khandwa,2025,May,47,21,10
Madhya Pradesh,Khandwa,2025,July,586,233,12
Madhya Pradesh,Khandwa,2025,September,731,385,1
Madhya Pradesh,Khandwa,2025,October,384,184,2
Madhya Pradesh,Khandwa,2025,November,638,170,23
Madhya Pradesh,Khandwa,2025,December,550,106,18
Madhya Pradesh,Khargone,2025,April,695,188,52
Madhya Pradesh,Khargone,2025,May,304,131,13
Madhya Pradesh,Khargone,2025,June,242,258,26
Madhya Pradesh,Khargone,2025,July,2569,1929,226
Madhya Pradesh,Khargone,2025,September,2219,1066,87
Madhya Pradesh,Khargone,2025,October,974,305,39
Madhya Pradesh,Khargone,2025,November,1443,429,27
Madhya Pradesh,Khargone,2025,December,1424,357,36
Mizoram,Khawzawl,2025,September,3,4,0
Mizoram,Khawzawl,2025,October,0,1,20
Mizoram,Khawzawl,2025,November,2,1,4
Mizoram,Khawzawl,2025,December,0,1,0
Gujarat,Kheda,2025,April,425,80,150
Gujarat,Kheda,2025,May,89,18,33
Gujarat,Kheda,2025,July,444,200,38
Gujarat,Kheda,2025,September,1620,502,73
Gujarat,Kheda,2025,October,604,97,79
Gujarat,Kheda,2025,November,1758,219,103
Gujarat,Kheda,2025,December,886,108,41
Uttar Pradesh,Kheri,2025,April,523,548,31
Uttar Pradesh,Kheri,2025,May,832,687,33
Uttar Pradesh,Kheri,2025,June,358,491,33
Uttar Pradesh,Kheri,2025,July,2068,2463,98
Uttar Pradesh,Kheri,2025,September,2812,3982,110
Uttar Pradesh,Kheri,2025,October,1382,1700,61
Uttar Pradesh,Kheri,2025,November,1984,1954,58
Uttar Pradesh,Kheri,2025,December,1323,1016,31
Odisha,Khorda,2025,September,1282,255,4
Odisha,Khorda,2025,October,650,131,60
Orissa,Khorda,2025,October,1,0,0
Odisha,Khorda,2025,November,847,169,61
Odisha,Khorda,2025,December,717,99,40
Orissa,Khorda,2025,December,0,1,0
Odisha,Khordha,2025,July,37,37,13
Odisha,Khordha,2025,September,112,24,0
Orissa,Khordha,2025,September,258,40,0
Odisha,Khordha,2025,October,64,14,0
Orissa,Khordha,2025,October,111,19,0
Odisha,Khordha,2025,November,85,15,0
Orissa,Khordha,2025,November,138,27,0
Odisha,Khordha,2025,December,87,8,0
Orissa,Khordha,2025,December,122,11,0
Tripura,Khowai,2025,September,51,36,12
Tripura,Khowai,2025,October,44,12,8
Tripura,Khowai,2025,November,56,33,18
Tripura,Khowai,2025,December,45,18,6
Jharkhand,Khunti,2025,June,91,148,11
Jharkhand,Khunti,2025,July,146,196,14
Jharkhand,Khunti,2025,September,376,320,9
Jharkhand,Khunti,2025,October,256,158,7
Jharkhand,Khunti,2025,November,351,249,4
Jharkhand,Khunti,2025,December,206,102,0
Himachal Pradesh,Kinnaur,2025,September,38,13,0
Himachal Pradesh,Kinnaur,2025,October,26,0,1
Himachal Pradesh,Kinnaur,2025,November,42,4,4
Himachal Pradesh,Kinnaur,2025,December,31,4,0
Nagaland,Kiphire,2025,July,46,233,26
Nagaland,Kiphire,2025,September,44,148,9
Nagaland,Kiphire,2025,October,40,182,5
Nagaland,Kiphire,2025,November,28,115,11
Nagaland,Kiphire,2025,December,5,15,1
Bihar,Kishanganj,2025,September,2368,664,3
Bihar,Kishanganj,2025,October,2017,536,6
Bihar,Kishanganj,2025,November,1436,348,11
Bihar,Kishanganj,2025,December,1136,234,5
Jammu and Kashmir,Kishtwar,2025,September,181,45,1
Jammu and Kashmir,Kishtwar,2025,October,227,59,0
Jammu and Kashmir,Kishtwar,2025,November,337,68,4
Jammu and Kashmir,Kishtwar,2025,December,313,33,1
West Bengal,Koch Bihar,2025,September,871,489,3
West Bengal,Koch Bihar,2025,October,677,288,2
West Bengal,Koch Bihar,2025,November,534,229,2
West Bengal,Koch Bihar,2025,December,145,105,3
Karnataka,Kodagu,2025,September,262,20,12
Karnataka,Kodagu,2025,October,230,27,9
Karnataka,Kodagu,2025,November,300,18,20
Karnataka,Kodagu,2025,December,303,10,0
Jharkhand,Kodarma,2025,September,59,48,0
Jharkhand,Kodarma,2025,October,42,27,0
Jharkhand,Kodarma,2025,November,57,40,0
Jharkhand,Kodarma,2025,December,26,11,0
Jharkhand,Koderma,2025,September,767,401,0
Jharkhand,Koderma,2025,October,350,235,8
Jharkhand,Koderma,2025,November,575,303,3
Jharkhand,Koderma,2025,December,404,175,1
Nagaland,Kohima,2025,April,212,385,49
Nagaland,Kohima,2025,July,74,154,11
Nagaland,Kohima,2025,September,140,231,13
Nagaland,Kohima,2025,October,69,116,8
Nagaland,Kohima,2025,November,50,48,26
Nagaland,Kohima,2025,December,17,18,0
Assam,Kokrajhar,2025,March,91,169,80
Assam,Kokrajhar,2025,April,301,238,25
Assam,Kokrajhar,2025,May,249,237,32
Assam,Kokrajhar,2025,June,155,115,17
Assam,Kokrajhar,2025,July,284,173,119
Assam,Kokrajhar,2025,September,494,237,35
Assam,Kokrajhar,2025,October,255,132,113
Assam,Kokrajhar,2025,November,339,187,97
Assam,Kokrajhar,2025,December,351,84,0
Karnataka,Kolar,2025,September,1129,103,7
Karnataka,Kolar,2025,October,698,67,6
Karnataka,Kolar,2025,November,1305,94,15
Karnataka,Kolar,2025,December,709,50,3
Mizoram,Kolasib,2025,July,44,21,20
Mizoram,Kolasib,2025,September,53,13,8
Mizoram,Kolasib,2025,October,41,11,3
Mizoram,Kolasib,2025,November,38,6,4
Mizoram,Kolasib,2025,December,13,0,0
Maharashtra,Kolhapur,2025,September,1989,470,5
Maharashtra,Kolhapur,2025,October,1332,181,54
Maharashtra,Kolhapur,2025,November,1773,212,12
Maharashtra,Kolhapur,2025,December,1329,122,1
West Bengal,Kolkata,2025,April,21,10,23
West Bengal,Kolkata,2025,May,247,222,34
West Bengal,Kolkata,2025,June,221,328,87
West Bengal,Kolkata,2025,July,277,407,131
West Bengal,Kolkata,2025,September,1479,1289,100
West Bengal,Kolkata,2025,October,975,768,20
West Bengal,Kolkata,2025,November,1148,1076,46
West Bengal,Kolkata,2025,December,660,510,282
Kerala,Kollam,2025,May,34,12,10
Kerala,Kollam,2025,September,1069,322,24
Kerala,Kollam,2025,October,864,248,60
Kerala,Kollam,2025,November,1151,287,93
Kerala,Kollam,2025,December,696,173,26
Telangana,Komaram Bheem,2025,September,386,85,0
Telangana,Komaram Bheem,2025,October,201,43,0
Telangana,Komaram Bheem,2025,November,207,43,0
Telangana,Komaram Bheem,2025,December,123,18,0
Chhattisgarh,Kondagaon,2025,September,612,267,1
Chhattisgarh,Kondagaon,2025,October,403,210,1
Chhattisgarh,Kondagaon,2025,November,468,304,7
Chhattisgarh,Kondagaon,2025,December,492,273,0
Karnataka,Koppal,2025,September,1395,278,11
Karnataka,Koppal,2025,October,793,136,9
Karnataka,Koppal,2025,November,1447,140,15
Karnataka,Koppal,2025,December,1117,96,14
Odisha,Koraput,2025,September,1692,594,0
Orissa,Koraput,2025,September,43,14,0
Odisha,Koraput,2025,October,568,236,2
Orissa,Koraput,2025,October,13,7,0
Odisha,Koraput,2025,November,481,181,22
Orissa,Koraput,2025,November,25,1,0
Odisha,Koraput,2025,December,431,154,22
Orissa,Koraput,2025,December,13,3,0
Chhattisgarh,Korba,2025,September,1088,159,3
Chhattisgarh,Korba,2025,October,726,155,5
Chhattisgarh,Korba,2025,November,692,111,4
Chhattisgarh,Korba,2025,December,534,64,1
Chhattisgarh,Koriya,2025,September,431,148,0
Chhattisgarh,Koriya,2025,October,287,138,0
Chhattisgarh,Koriya,2025,November,264,148,1
Chhattisgarh,Koriya,2025,December,276,70,0
Rajasthan,Kota,2025,April,37,17,14
Rajasthan,Kota,2025,September,2012,756,37
Rajasthan,Kota,2025,October,776,314,12
Rajasthan,Kota,2025,November,1637,496,40
Rajasthan,Kota,2025,December,1083,293,1
Kerala,Kottayam,2025,September,690,221,4
Kerala,Kottayam,2025,October,607,200,12
Kerala,Kottayam,2025,November,642,232,35
Kerala,Kottayam,2025,December,526,151,1
Kerala,Kozhikode,2025,September,1208,606,11
Kerala,Kozhikode,2025,October,921,421,47
Kerala,Kozhikode,2025,November,1473,582,118
Kerala,Kozhikode,2025,December,985,305,27
Arunachal Pradesh,Kra Daadi,2025,September,7,27,0
Arunachal Pradesh,Kra Daadi,2025,October,7,15,0
Arunachal Pradesh,Kra Daadi,2025,November,3,9,4
Arunachal Pradesh,Kra Daadi,2025,December,1,8,0
Andhra Pradesh,Krishna,2025,September,1995,207,7
Andhra Pradesh,Krishna,2025,October,1127,140,3
Andhra Pradesh,Krishna,2025,November,1741,128,18
Andhra Pradesh,Krishna,2025,December,1300,65,6
Tamil Nadu,Krishnagiri,2025,September,1447,224,1
Tamil Nadu,Krishnagiri,2025,October,741,170,0
Tamil Nadu,Krishnagiri,2025,November,1070,346,5
Tamil Nadu,Krishnagiri,2025,December,899,170,2
Jammu and Kashmir,Kulgam,2025,September,245,62,0
Jammu and Kashmir,Kulgam,2025,October,206,57,0
Jammu and Kashmir,Kulgam,2025,November,283,76,9
Jammu and Kashmir,Kulgam,2025,December,236,37,0
Himachal Pradesh,Kullu,2025,July,57,24,33
Himachal Pradesh,Kullu,2025,September,178,20,11
Himachal Pradesh,Kullu,2025,October,215,14,18
Himachal Pradesh,Kullu,2025,November,392,39,35
Himachal Pradesh,Kullu,2025,December,180,14,9
Jammu & Kashmir,Kupwara,2025,September,1,1,0
Jammu and Kashmir,Kupwara,2025,September,671,160,0
Jammu & Kashmir,Kupwara,2025,October,3,0,0
Jammu and Kashmir,Kupwara,2025,October,573,112,5
Jammu & Kashmir,Kupwara,2025,November,4,0,0
Jammu and Kashmir,Kupwara,2025,November,676,113,35
Jammu and Kashmir,Kupwara,2025,December,472,58,0
Andhra Pradesh,Kurnool,2025,September,3164,308,9
Andhra Pradesh,Kurnool,2025,October,2561,212,2
Andhra Pradesh,Kurnool,2025,November,2965,194,6
Andhra Pradesh,Kurnool,2025,December,2233,109,7
Haryana,Kurukshetra,2025,June,72,10,11
Haryana,Kurukshetra,2025,September,639,23,0
Haryana,Kurukshetra,2025,October,499,15,0
Haryana,Kurukshetra,2025,November,704,22,0
Haryana,Kurukshetra,2025,December,401,8,0
Arunachal Pradesh,Kurung Kumey,2025,September,7,19,0
Arunachal Pradesh,Kurung Kumey,2025,October,7,11,0
Arunachal Pradesh,Kurung Kumey,2025,November,3,12,12
Arunachal Pradesh,Kurung Kumey,2025,December,2,2,0
Uttar Pradesh,Kushi Nagar,2025,July,779,777,14
Uttar Pradesh,Kushinagar,2025,May,170,229,10
Uttar Pradesh,Kushinagar,2025,September,1561,2351,6
Uttar Pradesh,Kushinagar,2025,October,681,1016,2
Uttar Pradesh,Kushinagar,2025,November,1169,1547,6
Uttar Pradesh,Kushinagar,2025,December,868,989,6
Uttar Pradesh,Kushinagar *,2025,September,0,1,0
Uttar Pradesh,Kushinagar *,2025,October,1,0,0
Uttar Pradesh,Kushinagar *,2025,November,2,0,0
Uttar Pradesh,Kushinagar *,2025,December,2,0,0
Himachal Pradesh,Lahaul and Spiti,2025,October,1,0,0
Himachal Pradesh,Lahaul and Spiti,2025,December,2,0,0
Himachal Pradesh,Lahul & Spiti,2025,September,13,0,0
Himachal Pradesh,Lahul & Spiti,2025,October,6,1,0
Himachal Pradesh,Lahul & Spiti,2025,November,15,0,0
Himachal Pradesh,Lahul & Spiti,2025,December,2,1,0
Himachal Pradesh,Lahul and Spiti,2025,September,10,1,0
Himachal Pradesh,Lahul and Spiti,2025,October,6,0,0
Himachal Pradesh,Lahul and Spiti,2025,November,10,0,0
Himachal Pradesh,Lahul and Spiti,2025,December,5,0,0
Assam,Lakhimpur,2025,March,25,34,42
Assam,Lakhimpur,2025,April,400,221,93
Assam,Lakhimpur,2025,May,404,216,127
Assam,Lakhimpur,2025,June,207,181,63
Assam,Lakhimpur,2025,July,536,216,159
Assam,Lakhimpur,2025,September,1317,448,8
Assam,Lakhimpur,2025,October,629,190,55
Assam,Lakhimpur,2025,November,562,186,53
Assam,Lakhimpur,2025,December,646,133,48
Bihar,Lakhisarai,2025,June,298,478,10
Bihar,Lakhisarai,2025,July,607,972,29
Bihar,Lakhisarai,2025,September,523,622,6
Bihar,Lakhisarai,2025,October,247,285,17
Bihar,Lakhisarai,2025,November,588,672,4
Bihar,Lakhisarai,2025,December,401,394,2
Lakshadweep,Lakshadweep,2025,September,60,4,0
Lakshadweep,Lakshadweep,2025,October,42,2,0
Lakshadweep,Lakshadweep,2025,November,59,4,1
Lakshadweep,Lakshadweep,2025,December,31,0,0
Uttar Pradesh,Lalitpur,2025,May,138,71,10
Uttar Pradesh,Lalitpur,2025,September,1070,557,24
Uttar Pradesh,Lalitpur,2025,October,475,175,20
Uttar Pradesh,Lalitpur,2025,November,1037,326,3
Uttar Pradesh,Lalitpur,2025,December,656,176,15
Jharkhand,Latehar,2025,September,600,384,1
Jharkhand,Latehar,2025,October,202,103,5
Jharkhand,Latehar,2025,November,507,305,4
Jharkhand,Latehar,2025,December,366,131,1
Maharashtra,Latur,2025,April,229,42,23
Maharashtra,Latur,2025,June,390,140,15
Maharashtra,Latur,2025,July,566,225,28
Maharashtra,Latur,2025,September,1719,695,30
Maharashtra,Latur,2025,October,913,188,12
Maharashtra,Latur,2025,November,1174,235,36
Maharashtra,Latur,2025,December,837,106,4
Mizoram,Lawngtlai,2025,May,280,62,29
Mizoram,Lawngtlai,2025,June,119,43,11
Mizoram,Lawngtlai,2025,July,240,59,31
Mizoram,Lawngtlai,2025,September,144,97,13
Mizoram,Lawngtlai,2025,October,66,17,12
Mizoram,Lawngtlai,2025,November,116,57,1
Mizoram,Lawngtlai,2025,December,199,46,0
Jammu and Kashmir,Leh,2025,September,32,12,1
Ladakh,Leh,2025,September,23,2,5
Jammu and Kashmir,Leh,2025,October,48,18,0
Ladakh,Leh,2025,October,23,4,2
Jammu and Kashmir,Leh,2025,November,53,6,0
Ladakh,Leh,2025,November,35,4,3
Jammu and Kashmir,Leh,2025,December,30,6,0
Ladakh,Leh,2025,December,20,3,1
Jammu & Kashmir,Leh (ladakh),2025,October,1,0,0
Jammu & Kashmir,Leh (ladakh),2025,December,2,0,0
Arunachal Pradesh,Leparada,2025,September,0,1,0
Arunachal Pradesh,Leparada,2025,November,0,0,1
Arunachal Pradesh,Leparada,2025,December,0,1,0
Jharkhand,Lohardaga,2025,April,187,104,17
Jharkhand,Lohardaga,2025,June,165,174,21
Jharkhand,Lohardaga,2025,September,388,277,1
Jharkhand,Lohardaga,2025,October,220,126,6
Jharkhand,Lohardaga,2025,November,421,153,11
Jharkhand,Lohardaga,2025,December,603,85,0
Arunachal Pradesh,Lohit,2025,September,30,18,0
Arunachal Pradesh,Lohit,2025,October,18,23,0
Arunachal Pradesh,Lohit,2025,November,17,11,1
Arunachal Pradesh,Lohit,2025,December,37,11,0
Arunachal Pradesh,Longding,2025,July,46,322,33
Arunachal Pradesh,Longding,2025,September,61,269,0
Arunachal Pradesh,Longding,2025,October,12,59,0
Arunachal Pradesh,Longding,2025,November,17,63,4
Arunachal Pradesh,Longding,2025,December,5,6,0
Nagaland,Longleng,2025,April,131,226,12
Nagaland,Longleng,2025,July,47,284,20
Nagaland,Longleng,2025,September,17,82,7
Nagaland,Longleng,2025,October,6,17,0
Nagaland,Longleng,2025,November,3,18,9
Nagaland,Longleng,2025,December,1,9,0
Arunachal Pradesh,Lower Dibang Valley,2025,September,24,19,0
Arunachal Pradesh,Lower Dibang Valley,2025,October,17,11,0
Arunachal Pradesh,Lower Dibang Valley,2025,November,7,14,2
Arunachal Pradesh,Lower Dibang Valley,2025,December,10,5,0
Arunachal Pradesh,Lower Siang,2025,September,6,6,0
Arunachal Pradesh,Lower Siang,2025,October,0,4,0
Arunachal Pradesh,Lower Siang,2025,November,4,7,3
Arunachal Pradesh,Lower Siang,2025,December,0,1,0
Arunachal Pradesh,Lower Subansiri,2025,September,19,25,0
Arunachal Pradesh,Lower Subansiri,2025,October,6,16,0
Arunachal Pradesh,Lower Subansiri,2025,November,18,10,0
Arunachal Pradesh,Lower Subansiri,2025,December,7,4,0
Uttar Pradesh,Lucknow,2025,March,23,102,17
Uttar Pradesh,Lucknow,2025,April,1235,1253,125
Uttar Pradesh,Lucknow,2025,May,608,560,48
Uttar Pradesh,Lucknow,2025,June,81,123,19
Uttar Pradesh,Lucknow,2025,July,1340,1322,88
Uttar Pradesh,Lucknow,2025,September,3575,2913,11
Uttar Pradesh,Lucknow,2025,October,2405,1806,17
Uttar Pradesh,Lucknow,2025,November,2678,1910,108
Uttar Pradesh,Lucknow,2025,December,1794,1332,21
Punjab,Ludhiana,2025,March,104,13,14
Punjab,Ludhiana,2025,April,1841,734,184
Punjab,Ludhiana,2025,May,876,458,49
Punjab,Ludhiana,2025,June,1095,645,90
Punjab,Ludhiana,2025,July,2012,1133,221
Punjab,Ludhiana,2025,September,2521,597,40
Punjab,Ludhiana,2025,October,1230,273,56
Punjab,Ludhiana,2025,November,1629,485,108
Punjab,Ludhiana,2025,December,901,235,70
Mizoram,Lunglei,2025,May,136,31,16
Mizoram,Lunglei,2025,July,83,32,20
Mizoram,Lunglei,2025,September,78,20,1
Mizoram,Lunglei,2025,October,90,11,0
Mizoram,Lunglei,2025,November,125,19,25
Mizoram,Lunglei,2025,December,29,3,7
West Bengal,MALDA,2025,September,3,1,0
West Bengal,MALDA,2025,October,7,0,0
West Bengal,MALDA,2025,November,4,0,0
Bihar,Madhepura,2025,September,1368,1485,15
Bihar,Madhepura,2025,October,981,1028,10
Bihar,Madhepura,2025,November,1002,830,7
Bihar,Madhepura,2025,December,1220,1074,7
Bihar,Madhubani,2025,March,46,235,49
Bihar,Madhubani,2025,April,388,485,60
Bihar,Madhubani,2025,May,874,995,102
Bihar,Madhubani,2025,June,876,1379,170
Bihar,Madhubani,2025,July,858,1181,102
Bihar,Madhubani,2025,September,2590,2425,86
Bihar,Madhubani,2025,October,2477,2035,125
Bihar,Madhubani,2025,November,2373,2207,77
Bihar,Madhubani,2025,December,2116,1592,27
Tamil Nadu,Madurai,2025,April,94,10,11
Tamil Nadu,Madurai,2025,June,62,14,12
Tamil Nadu,Madurai,2025,September,3504,367,6
Tamil Nadu,Madurai,2025,October,1623,202,1
Tamil Nadu,Madurai,2025,November,2381,314,7
Tamil Nadu,Madurai,2025,December,1211,117,2
Andhra Pradesh,Mahabub Nagar,2025,September,472,200,0
Andhra Pradesh,Mahabub Nagar,2025,October,270,102,0
Andhra Pradesh,Mahabub Nagar,2025,November,231,106,0
Andhra Pradesh,Mahabub Nagar,2025,December,106,24,0
Telangana,Mahabubabad,2025,September,457,83,1
Telangana,Mahabubabad,2025,October,329,67,0
Telangana,Mahabubabad,2025,November,329,71,0
Telangana,Mahabubabad,2025,December,134,32,0
Andhra Pradesh,Mahabubnagar,2025,September,3,0,0
Telangana,Mahabubnagar,2025,September,3115,994,2
Andhra Pradesh,Mahabubnagar,2025,October,1,0,0
Telangana,Mahabubnagar,2025,October,1889,671,2
Telangana,Mahabubnagar,2025,November,1744,570,11
Andhra Pradesh,Mahabubnagar,2025,December,3,0,0
Telangana,Mahabubnagar,2025,December,941,228,1
Uttar Pradesh,Maharajganj,2025,March,54,181,47
Uttar Pradesh,Maharajganj,2025,April,873,977,79
Uttar Pradesh,Maharajganj,2025,May,500,791,40
Uttar Pradesh,Maharajganj,2025,June,95,362,31
Uttar Pradesh,Maharajganj,2025,July,1186,2920,103
Uttar Pradesh,Maharajganj,2025,September,1239,2556,35
Uttar Pradesh,Maharajganj,2025,October,639,1104,54
Uttar Pradesh,Maharajganj,2025,November,916,1459,58
Uttar Pradesh,Maharajganj,2025,December,630,915,27
Chhattisgarh,Mahasamund,2025,September,998,194,2
Chhattisgarh,Mahasamund,2025,October,577,138,5
Chhattisgarh,Mahasamund,2025,November,779,154,14
Chhattisgarh,Mahasamund,2025,December,419,77,4
Andhra Pradesh,Mahbubnagar,2025,September,202,85,0
Andhra Pradesh,Mahbubnagar,2025,October,124,65,0
Andhra Pradesh,Mahbubnagar,2025,November,129,43,0
Andhra Pradesh,Mahbubnagar,2025,December,56,18,0
Haryana,Mahendragarh,2025,September,783,56,1
Haryana,Mahendragarh,2025,October,517,30,0
Haryana,Mahendragarh,2025,November,710,38,22
Haryana,Mahendragarh,2025,December,565,31,1
Gujarat,Mahesana,2025,April,433,55,65
Gujarat,Mahesana,2025,May,178,26,13
Gujarat,Mahesana,2025,July,821,269,67
Gujarat,Mahesana,2025,September,1232,255,23
Gujarat,Mahesana,2025,October,438,63,48
Gujarat,Mahesana,2025,November,1314,161,16
Gujarat,Mahesana,2025,December,873,79,61
Gujarat,Mahisagar,2025,April,110,12,16
Gujarat,Mahisagar,2025,June,106,37,18
Gujarat,Mahisagar,2025,July,369,162,33
Gujarat,Mahisagar,2025,September,547,83,19
Gujarat,Mahisagar,2025,October,187,30,22
Gujarat,Mahisagar,2025,November,405,51,12
Gujarat,Mahisagar,2025,December,312,22,10
Uttar Pradesh,Mahoba,2025,September,699,539,5
Uttar Pradesh,Mahoba,2025,October,336,154,4
Uttar Pradesh,Mahoba,2025,November,544,181,1
Uttar Pradesh,Mahoba,2025,December,400,155,2
Uttar Pradesh,Mahrajganj,2025,September,2,3,0
Uttar Pradesh,Mahrajganj,2025,October,3,3,0
Uttar Pradesh,Mahrajganj,2025,November,5,2,0
Uttar Pradesh,Mahrajganj,2025,December,0,1,0
Madhya Pradesh,Maihar,2025,September,118,8,4
Madhya Pradesh,Maihar,2025,October,79,6,7
Madhya Pradesh,Maihar,2025,November,90,2,7
Madhya Pradesh,Maihar,2025,December,91,4,2
Uttar Pradesh,Mainpuri,2025,April,348,313,46
Uttar Pradesh,Mainpuri,2025,June,327,443,13
Uttar Pradesh,Mainpuri,2025,July,958,1349,56
Uttar Pradesh,Mainpuri,2025,September,1193,1907,17
Uttar Pradesh,Mainpuri,2025,October,620,805,15
Uttar Pradesh,Mainpuri,2025,November,903,1023,15
Uttar Pradesh,Mainpuri,2025,December,707,643,25
Assam,Majuli,2025,July,154,45,11
Assam,Majuli,2025,September,101,64,0
Assam,Majuli,2025,October,32,20,0
Assam,Majuli,2025,November,19,14,0
Assam,Majuli,2025,December,41,14,0
Kerala,Malappuram,2025,May,135,121,10
Kerala,Malappuram,2025,September,2367,1187,31
Kerala,Malappuram,2025,October,2035,997,73
Kerala,Malappuram,2025,November,3086,1169,101
Kerala,Malappuram,2025,December,2582,642,31
West Bengal,Malda,2025,April,306,80,10
West Bengal,Malda,2025,June,115,127,10
West Bengal,Malda,2025,September,4325,1412,19
West Bengal,Malda,2025,October,2807,914,2
West Bengal,Malda,2025,November,2196,848,1
West Bengal,Malda,2025,December,2026,575,42
West Bengal,Maldah,2025,September,456,242,0
West Bengal,Maldah,2025,October,305,111,0
West Bengal,Maldah,2025,November,276,140,0
West Bengal,Maldah,2025,December,153,73,0
Punjab,Malerkotla,2025,September,262,56,0
Punjab,Malerkotla,2025,October,138,33,1
Punjab,Malerkotla,2025,November,181,42,4
Punjab,Malerkotla,2025,December,130,15,3
Odisha,Malkangiri,2025,September,1365,286,1
Orissa,Malkangiri,2025,September,18,4,0
Odisha,Malkangiri,2025,October,286,86,0
Orissa,Malkangiri,2025,October,4,0,0
Odisha,Malkangiri,2025,November,401,69,1
Orissa,Malkangiri,2025,November,8,1,0
Odisha,Malkangiri,2025,December,281,45,2
Orissa,Malkangiri,2025,December,10,2,0
Mizoram,Mamit,2025,September,46,9,0
Mizoram,Mamit,2025,October,37,9,3
Mizoram,Mamit,2025,November,44,4,0
Mizoram,Mamit,2025,December,14,5,0
Mizoram,Mammit,2025,September,16,3,0
Mizoram,Mammit,2025,October,19,5,0
Mizoram,Mammit,2025,November,24,0,0
Mizoram,Mammit,2025,December,12,0,0
Telangana,Mancherial,2025,September,329,69,1
Telangana,Mancherial,2025,October,235,39,0
Telangana,Mancherial,2025,November,206,41,0
Telangana,Mancherial,2025,December,154,20,0
Himachal Pradesh,Mandi,2025,September,669,17,3
Himachal Pradesh,Mandi,2025,October,563,12,3
Himachal Pradesh,Mandi,2025,November,745,10,5
Himachal Pradesh,Mandi,2025,December,483,4,0
Madhya Pradesh,Mandla,2025,September,1298,117,0
Madhya Pradesh,Mandla,2025,October,855,50,2
Madhya Pradesh,Mandla,2025,November,1310,62,2
Madhya Pradesh,Mandla,2025,December,1182,32,1
Madhya Pradesh,Mandsaur,2025,September,1547,323,3
Madhya Pradesh,Mandsaur,2025,October,1291,113,6
Madhya Pradesh,Mandsaur,2025,November,3253,225,9
Madhya Pradesh,Mandsaur,2025,December,1353,147,6
Karnataka,Mandya,2025,September,832,45,1
Karnataka,Mandya,2025,October,706,29,29
Karnataka,Mandya,2025,November,1000,42,13
Karnataka,Mandya,2025,December,863,34,0
Chhattisgarh,Manendragarh–Chirmiri–Bharatpur,2025,September,58,35,0
Chhattisgarh,Manendragarh–Chirmiri–Bharatpur,2025,October,51,15,0
Chhattisgarh,Manendragarh–Chirmiri–Bharatpur,2025,November,41,43,0
Chhattisgarh,Manendragarh–Chirmiri–Bharatpur,2025,December,38,13,0
Sikkim,Mangan,2025,October,0,1,0
Sikkim,Mangan,2025,November,0,1,0
Sikkim,Mangan,2025,December,0,0,1
Punjab,Mansa,2025,September,394,49,2
Punjab,Mansa,2025,October,204,19,5
Punjab,Mansa,2025,November,241,28,2
Punjab,Mansa,2025,December,159,11,10
Assam,Marigaon,2025,March,117,184,245
Assam,Marigaon,2025,April,540,457,96
Assam,Marigaon,2025,May,130,219,29
Assam,Marigaon,2025,June,412,250,118
Assam,Marigaon,2025,July,1737,646,123
Assam,Marigaon,2025,September,1645,502,58
Assam,Marigaon,2025,October,666,231,52
Assam,Marigaon,2025,November,673,279,82
Assam,Marigaon,2025,December,815,160,21
Uttar Pradesh,Mathura,2025,March,39,40,42
Uttar Pradesh,Mathura,2025,June,467,890,32
Uttar Pradesh,Mathura,2025,July,133,151,10
Uttar Pradesh,Mathura,2025,September,1646,1798,10
Uttar Pradesh,Mathura,2025,October,943,932,12
Uttar Pradesh,Mathura,2025,November,1497,1258,17
Uttar Pradesh,Mathura,2025,December,1126,697,6
Uttar Pradesh,Mau,2025,September,963,2152,14
Uttar Pradesh,Mau,2025,October,524,1086,12
Uttar Pradesh,Mau,2025,November,666,1134,14
Uttar Pradesh,Mau,2025,December,437,570,7
Madhya Pradesh,Mauganj,2025,September,127,21,1
Madhya Pradesh,Mauganj,2025,October,104,19,0
Madhya Pradesh,Mauganj,2025,November,73,11,0
Madhya Pradesh,Mauganj,2025,December,75,7,0
Tamil Nadu,Mayiladuthurai,2025,September,180,22,0
Tamil Nadu,Mayiladuthurai,2025,October,88,11,0
Tamil Nadu,Mayiladuthurai,2025,November,100,20,1
Tamil Nadu,Mayiladuthurai,2025,December,69,11,0
Odisha,Mayurbhanj,2025,September,3027,877,4
Orissa,Mayurbhanj,2025,September,13,1,0
Odisha,Mayurbhanj,2025,October,1290,392,25
Orissa,Mayurbhanj,2025,October,4,0,0
Odisha,Mayurbhanj,2025,November,1192,369,6
Orissa,Mayurbhanj,2025,November,11,0,0
Odisha,Mayurbhanj,2025,December,718,222,0
Orissa,Mayurbhanj,2025,December,3,0,0
Andhra Pradesh,Medak,2025,September,465,84,1
Telangana,Medak,2025,September,2228,558,1
Andhra Pradesh,Medak,2025,October,277,67,0
Telangana,Medak,2025,October,1697,400,3
Andhra Pradesh,Medak,2025,November,288,66,0
Telangana,Medak,2025,November,1481,334,3
Andhra Pradesh,Medak,2025,December,146,12,0
Telangana,Medak,2025,December,752,87,0
Telangana,Medchal Malkajgiri,2025,June,159,119,20
Telangana,Medchal Malkajgiri,2025,July,250,146,10
Telangana,Medchal-malkajgiri,2025,April,76,25,15
Telangana,Medchal-malkajgiri,2025,September,905,277,16
Telangana,Medchal-malkajgiri,2025,October,791,234,24
Telangana,Medchal-malkajgiri,2025,November,774,240,40
Telangana,Medchal-malkajgiri,2025,December,518,124,11
Telangana,Medchal?malkajgiri,2025,September,0,1,0
Telangana,Medchal?malkajgiri,2025,October,1,0,0
Telangana,Medchal−malkajgiri,2025,September,135,37,2
Telangana,Medchal−malkajgiri,2025,October,126,18,0
Telangana,Medchal−malkajgiri,2025,November,119,22,0
Telangana,Medchal−malkajgiri,2025,December,65,11,0
West Bengal,Medinipur,2025,September,8,1,0
West Bengal,Medinipur,2025,October,6,2,0
West Bengal,Medinipur,2025,November,8,0,0
West Bengal,Medinipur,2025,December,4,0,0
West Bengal,Medinipur West,2025,June,45,67,10
West Bengal,Medinipur West,2025,July,280,233,10
Uttar Pradesh,Meerut,2025,April,1370,650,33
Uttar Pradesh,Meerut,2025,May,1663,1146,38
Uttar Pradesh,Meerut,2025,June,79,168,10
Uttar Pradesh,Meerut,2025,July,2293,1831,60
Uttar Pradesh,Meerut,2025,September,2889,2090,20
Uttar Pradesh,Meerut,2025,October,1952,1325,32
Uttar Pradesh,Meerut,2025,November,2600,1574,41
Uttar Pradesh,Meerut,2025,December,1331,814,18
Nagaland,Meluri,2025,September,1,2,1
Nagaland,Meluri,2025,October,0,5,0
Nagaland,Meluri,2025,November,1,6,1
Haryana,Mewat,2025,May,1169,147,11
Haryana,Mewat,2025,September,1281,117,3
Haryana,Mewat,2025,October,1347,90,0
Haryana,Mewat,2025,November,1739,116,3
Haryana,Mewat,2025,December,1453,80,2
Uttar Pradesh,Mirzapur,2025,September,1387,1782,1
Uttar Pradesh,Mirzapur,2025,October,626,726,2
Uttar Pradesh,Mirzapur,2025,November,909,1046,4
Uttar Pradesh,Mirzapur,2025,December,614,547,1
Punjab,Moga,2025,September,590,75,3
Punjab,Moga,2025,October,217,23,21
Punjab,Moga,2025,November,327,44,17
Punjab,Moga,2025,December,201,17,0
Chhattisgarh,Mohalla-Manpur-Ambagarh Chowki,2025,September,1,0,0
Chhattisgarh,Mohalla-Manpur-Ambagarh Chowki,2025,November,8,3,0
Chhattisgarh,Mohalla-Manpur-Ambagarh Chowki,2025,December,1,1,0
Chhattisgarh,Mohla-Manpur-Ambagarh Chouki,2025,September,49,35,2
Chhattisgarh,Mohla-Manpur-Ambagarh Chouki,2025,October,36,17,0
Chhattisgarh,Mohla-Manpur-Ambagarh Chouki,2025,November,59,22,0
Chhattisgarh,Mohla-Manpur-Ambagarh Chouki,2025,December,18,19,2
Nagaland,Mokokchung,2025,July,73,134,13
Nagaland,Mokokchung,2025,September,31,88,13
Nagaland,Mokokchung,2025,October,21,44,3
Nagaland,Mokokchung,2025,November,5,29,13
Nagaland,Mokokchung,2025,December,2,20,1
Nagaland,Mon,2025,June,39,121,14
Nagaland,Mon,2025,July,258,676,69
Nagaland,Mon,2025,September,130,225,30
Nagaland,Mon,2025,October,114,246,15
Nagaland,Mon,2025,November,65,119,41
Nagaland,Mon,2025,December,12,47,2
Bihar,Monghyr,2025,September,8,8,0
Bihar,Monghyr,2025,October,4,4,0
Bihar,Monghyr,2025,November,13,6,0
Bihar,Monghyr,2025,December,4,2,0
Uttar Pradesh,Moradabad,2025,April,1519,510,15
Uttar Pradesh,Moradabad,2025,May,1673,793,79
Uttar Pradesh,Moradabad,2025,June,1067,731,28
Uttar Pradesh,Moradabad,2025,July,2722,1295,34
Uttar Pradesh,Moradabad,2025,September,2568,1027,19
Uttar Pradesh,Moradabad,2025,October,1677,579,9
Uttar Pradesh,Moradabad,2025,November,2710,780,22
Uttar Pradesh,Moradabad,2025,December,1260,416,12
Gujarat,Morbi,2025,March,36,12,23
Gujarat,Morbi,2025,April,818,178,175
Gujarat,Morbi,2025,May,389,88,46
Gujarat,Morbi,2025,June,777,366,26
Gujarat,Morbi,2025,July,1789,825,215
Gujarat,Morbi,2025,September,638,141,49
Gujarat,Morbi,2025,October,276,46,63
Gujarat,Morbi,2025,November,499,88,37
Gujarat,Morbi,2025,December,326,59,19
Madhya Pradesh,Morena,2025,April,1027,459,82
Madhya Pradesh,Morena,2025,May,709,313,44
Madhya Pradesh,Morena,2025,June,1327,872,70
Madhya Pradesh,Morena,2025,July,3228,2669,176
Madhya Pradesh,Morena,2025,September,2231,1311,66
Madhya Pradesh,Morena,2025,October,1104,453,110
Madhya Pradesh,Morena,2025,November,2342,913,70
Madhya Pradesh,Morena,2025,December,2096,657,52
Punjab,Muktsar,2025,September,142,13,0
Punjab,Muktsar,2025,October,47,6,0
Punjab,Muktsar,2025,November,71,6,0
Punjab,Muktsar,2025,December,46,3,0
Telangana,Mulugu,2025,September,261,88,0
Telangana,Mulugu,2025,October,165,79,0
Telangana,Mulugu,2025,November,172,42,4
Telangana,Mulugu,2025,December,102,24,0
Maharashtra,Mumbai,2025,July,537,344,50
Maharashtra,Mumbai,2025,September,2758,1496,11
Maharashtra,Mumbai,2025,October,1943,689,4
Maharashtra,Mumbai,2025,November,3256,900,10
Maharashtra,Mumbai,2025,December,2100,452,2
Maharashtra,Mumbai City,2025,September,609,188,10
Maharashtra,Mumbai City,2025,October,479,69,24
Maharashtra,Mumbai City,2025,November,754,120,114
Maharashtra,Mumbai City,2025,December,472,72,18
Maharashtra,Mumbai Suburban,2025,April,389,109,44
Maharashtra,Mumbai Suburban,2025,May,882,457,230
Maharashtra,Mumbai Suburban,2025,July,3187,2177,207
Maharashtra,Mumbai Suburban,2025,September,2283,848,26
Maharashtra,Mumbai Suburban,2025,October,1479,365,62
Maharashtra,Mumbai Suburban,2025,November,2508,624,156
Maharashtra,Mumbai Suburban,2025,December,1752,366,65
Maharashtra,Mumbai( Sub Urban ),2025,September,95,26,0
Maharashtra,Mumbai( Sub Urban ),2025,October,56,21,0
Maharashtra,Mumbai( Sub Urban ),2025,November,120,18,0
Maharashtra,Mumbai( Sub Urban ),2025,December,69,14,0
Chhattisgarh,Mungeli,2025,September,801,112,1
Chhattisgarh,Mungeli,2025,October,590,95,0
Chhattisgarh,Mungeli,2025,November,738,107,1
Chhattisgarh,Mungeli,2025,December,471,41,0
Bihar,Munger,2025,April,191,278,22
Bihar,Munger,2025,June,117,279,10
Bihar,Munger,2025,July,241,445,13
Bihar,Munger,2025,September,640,964,11
Bihar,Munger,2025,October,377,470,21
Bihar,Munger,2025,November,495,589,27
Bihar,Munger,2025,December,384,509,4
West Bengal,Murshidabad,2025,September,12270,1592,15
West Bengal,Murshidabad,2025,October,7844,1135,6
West Bengal,Murshidabad,2025,November,7291,1133,3
West Bengal,Murshidabad,2025,December,4037,523,62
Uttar Pradesh,Muzaffarnagar,2025,April,680,308,27
Uttar Pradesh,Muzaffarnagar,2025,July,1025,604,32
Uttar Pradesh,Muzaffarnagar,2025,September,1794,1196,3
Uttar Pradesh,Muzaffarnagar,2025,October,1211,898,35
Uttar Pradesh,Muzaffarnagar,2025,November,1667,1146,14
Uttar Pradesh,Muzaffarnagar,2025,December,873,423,13
Bihar,Muzaffarpur,2025,March,24,40,10
Bihar,Muzaffarpur,2025,April,1159,865,65
Bihar,Muzaffarpur,2025,May,2161,2046,159
Bihar,Muzaffarpur,2025,June,1562,2080,140
Bihar,Muzaffarpur,2025,July,892,1217,40
Bihar,Muzaffarpur,2025,September,2712,2717,15
Bihar,Muzaffarpur,2025,October,1648,1596,111
Bihar,Muzaffarpur,2025,November,2197,2123,17
Bihar,Muzaffarpur,2025,December,1732,1419,108
Karnataka,Mysore,2025,September,739,63,1
Karnataka,Mysore,2025,October,681,48,0
Karnataka,Mysore,2025,November,760,57,0
Karnataka,Mysore,2025,December,677,46,1
Karnataka,Mysuru,2025,April,456,19,10
Karnataka,Mysuru,2025,July,349,138,80
Karnataka,Mysuru,2025,September,871,132,77
Karnataka,Mysuru,2025,October,655,51,17
Karnataka,Mysuru,2025,November,709,75,60
Karnataka,Mysuru,2025,December,610,48,4
Andhra Pradesh,N. T. R,2025,September,242,36,17
Andhra Pradesh,N. T. R,2025,October,149,20,5
Andhra Pradesh,N. T. R,2025,November,218,31,18
Andhra Pradesh,N. T. R,2025,December,181,10,6
West Bengal,NADIA,2025,September,2,0,0
West Bengal,NADIA,2025,October,1,0,0
ODISHA,NUAPADA,2025,September,1,0,0
Odisha,NUAPADA,2025,September,19,2,0
Odisha,NUAPADA,2025,October,6,2,0
Odisha,NUAPADA,2025,November,2,0,0
Odisha,NUAPADA,2025,December,7,0,0
Odisha,Nabarangapur,2025,April,182,82,12
Odisha,Nabarangapur,2025,September,2043,981,2
Odisha,Nabarangapur,2025,October,868,404,8
Orissa,Nabarangapur,2025,October,1,0,0
Odisha,Nabarangapur,2025,November,578,345,8
Odisha,Nabarangapur,2025,December,503,178,35
Orissa,Nabarangapur,2025,December,0,2,0
Odisha,Nabarangpur,2025,July,327,103,12
West Bengal,Nadia,2025,April,204,33,11
West Bengal,Nadia,2025,May,478,108,50
West Bengal,Nadia,2025,June,280,176,72
West Bengal,Nadia,2025,July,1312,556,187
West Bengal,Nadia,2025,September,4036,998,100
West Bengal,Nadia,2025,October,2539,710,21
West Bengal,Nadia,2025,November,2770,722,34
West Bengal,Nadia,2025,December,1625,320,368
Assam,Nagaon,2025,March,19,15,22
Assam,Nagaon,2025,April,504,236,36
Assam,Nagaon,2025,June,24,67,65
Assam,Nagaon,2025,July,1553,735,132
Assam,Nagaon,2025,September,3157,1088,1
Assam,Nagaon,2025,October,1261,513,57
Assam,Nagaon,2025,November,1319,509,65
Assam,Nagaon,2025,December,1165,315,15
Tamil Nadu,Nagapattinam,2025,September,1256,261,0
Tamil Nadu,Nagapattinam,2025,October,594,146,0
Tamil Nadu,Nagapattinam,2025,November,923,234,0
Tamil Nadu,Nagapattinam,2025,December,542,91,0
Telangana,Nagarkurnool,2025,September,467,111,0
Telangana,Nagarkurnool,2025,October,230,71,0
Telangana,Nagarkurnool,2025,November,248,67,1
Telangana,Nagarkurnool,2025,December,132,33,1
Rajasthan,Nagaur,2025,April,563,278,32
Rajasthan,Nagaur,2025,June,554,363,10
Rajasthan,Nagaur,2025,July,870,660,21
Rajasthan,Nagaur,2025,September,4461,1747,19
Rajasthan,Nagaur,2025,October,1384,611,18
Rajasthan,Nagaur,2025,November,2277,1012,104
Rajasthan,Nagaur,2025,December,1509,770,4
Maharashtra,Nagpur,2025,April,468,50,48
Maharashtra,Nagpur,2025,May,243,28,22
Maharashtra,Nagpur,2025,July,904,225,37
Maharashtra,Nagpur,2025,September,3027,501,33
Maharashtra,Nagpur,2025,October,1458,213,12
Maharashtra,Nagpur,2025,November,2376,353,18
Maharashtra,Nagpur,2025,December,1617,132,63
Uttarakhand,Nainital,2025,March,46,18,11
Uttarakhand,Nainital,2025,April,488,66,48
Uttarakhand,Nainital,2025,September,886,139,4
Uttarakhand,Nainital,2025,October,709,105,4
Uttarakhand,Nainital,2025,November,846,87,1
Uttarakhand,Nainital,2025,December,442,43,8
Delhi,Najafgarh,2025,September,9,5,0
Delhi,Najafgarh,2025,October,3,0,0
Delhi,Najafgarh,2025,November,8,3,0
Delhi,Najafgarh,2025,December,1,1,0
Bihar,Nalanda,2025,June,307,1153,37
Bihar,Nalanda,2025,July,434,1587,37
Bihar,Nalanda,2025,September,912,2759,16
Bihar,Nalanda,2025,October,619,1894,26
Bihar,Nalanda,2025,November,695,1850,11
Bihar,Nalanda,2025,December,709,1520,9
Assam,Nalbari,2025,April,55,49,77
Assam,Nalbari,2025,May,134,75,37
Assam,Nalbari,2025,September,962,394,10
Assam,Nalbari,2025,October,605,194,34
Assam,Nalbari,2025,November,604,157,28
Assam,Nalbari,2025,December,349,108,9
Andhra Pradesh,Nalgonda,2025,September,385,99,0
Telangana,Nalgonda,2025,September,2041,470,0
Andhra Pradesh,Nalgonda,2025,October,240,50,0
Telangana,Nalgonda,2025,October,1389,348,0
Andhra Pradesh,Nalgonda,2025,November,226,53,0
Telangana,Nalgonda,2025,November,1350,327,1
Andhra Pradesh,Nalgonda,2025,December,100,14,0
Telangana,Nalgonda,2025,December,625,101,9
Tamil Nadu,Namakkal,2025,September,1827,161,3
Tamil Nadu,Namakkal,2025,October,776,126,0
Tamil Nadu,Namakkal,2025,November,1034,234,4
Tamil Nadu,Namakkal,2025,December,620,85,2
Tamil Nadu,Namakkal   *,2025,September,0,1,0
Sikkim,Namchi,2025,September,1,4,6
Sikkim,Namchi,2025,October,0,1,3
Sikkim,Namchi,2025,November,1,2,1
Sikkim,Namchi,2025,December,1,0,4
Arunachal Pradesh,Namsai,2025,September,32,29,0
Arunachal Pradesh,Namsai,2025,October,20,15,1
Arunachal Pradesh,Namsai,2025,November,22,3,0
Arunachal Pradesh,Namsai,2025,December,21,7,0
Maharashtra,Nanded,2025,April,462,89,56
Maharashtra,Nanded,2025,May,383,80,39
Maharashtra,Nanded,2025,June,432,124,28
Maharashtra,Nanded,2025,July,1295,462,46
Maharashtra,Nanded,2025,September,2729,968,10
Maharashtra,Nanded,2025,October,1197,256,47
Maharashtra,Nanded,2025,November,1242,274,83
Maharashtra,Nanded,2025,December,1424,194,27
Maharashtra,Nandurbar,2025,April,237,35,10
Maharashtra,Nandurbar,2025,May,251,134,21
Maharashtra,Nandurbar,2025,July,2031,994,75
Maharashtra,Nandurbar,2025,September,2041,854,63
Maharashtra,Nandurbar,2025,October,1078,243,27
Maharashtra,Nandurbar,2025,November,1229,272,35
Maharashtra,Nandurbar,2025,December,782,98,6
Maharashtra,Nandurbar *,2025,September,45,19,1
Maharashtra,Nandurbar *,2025,October,23,5,0
Maharashtra,Nandurbar *,2025,November,20,7,0
Maharashtra,Nandurbar *,2025,December,18,2,0
Andhra Pradesh,Nandyal,2025,September,221,6,3
Andhra Pradesh,Nandyal,2025,October,194,16,0
Andhra Pradesh,Nandyal,2025,November,264,12,2
Andhra Pradesh,Nandyal,2025,December,181,5,1
Telangana,Narayanpet,2025,September,441,76,0
Telangana,Narayanpet,2025,October,267,73,0
Telangana,Narayanpet,2025,November,240,48,4
Telangana,Narayanpet,2025,December,134,27,0
Chhattisgarh,Narayanpur,2025,September,140,102,0
Chhattisgarh,Narayanpur,2025,October,79,54,0
Chhattisgarh,Narayanpur,2025,November,119,100,0
Chhattisgarh,Narayanpur,2025,December,110,50,8
Gujarat,Narmada,2025,September,470,35,1
Gujarat,Narmada,2025,October,135,23,9
Gujarat,Narmada,2025,November,296,23,14
Gujarat,Narmada,2025,December,254,15,5
Madhya Pradesh,Narmadapuram,2025,September,243,28,2
Madhya Pradesh,Narmadapuram,2025,October,97,19,2
Madhya Pradesh,Narmadapuram,2025,November,136,31,20
Madhya Pradesh,Narmadapuram,2025,December,132,22,5
Madhya Pradesh,Narsimhapur,2025,September,386,100,0
Madhya Pradesh,Narsimhapur,2025,October,130,31,0
Madhya Pradesh,Narsimhapur,2025,November,271,57,0
Madhya Pradesh,Narsimhapur,2025,December,179,35,0
Madhya Pradesh,Narsinghpur,2025,July,312,189,13
Madhya Pradesh,Narsinghpur,2025,September,1438,528,31
Madhya Pradesh,Narsinghpur,2025,October,437,143,19
Madhya Pradesh,Narsinghpur,2025,November,924,208,23
Madhya Pradesh,Narsinghpur,2025,December,749,154,6
Maharashtra,Nashik,2025,May,97,14,45
Maharashtra,Nashik,2025,July,2729,1775,111
Maharashtra,Nashik,2025,September,4980,2054,32
Maharashtra,Nashik,2025,October,2162,584,33
Maharashtra,Nashik,2025,November,3479,923,79
Maharashtra,Nashik,2025,December,2815,452,4
Gujarat,Navsari,2025,April,133,10,33
Gujarat,Navsari,2025,May,122,21,15
Gujarat,Navsari,2025,July,191,47,19
Gujarat,Navsari,2025,September,736,59,6
Gujarat,Navsari,2025,October,228,12,20
Gujarat,Navsari,2025,November,733,33,8
Gujarat,Navsari,2025,December,310,19,2
Bihar,Nawada,2025,July,616,2933,123
Bihar,Nawada,2025,September,724,3664,68
Bihar,Nawada,2025,October,489,2508,64
Bihar,Nawada,2025,November,450,1815,27
Bihar,Nawada,2025,December,463,1460,9
Punjab,Nawanshahr,2025,September,55,6,0
Punjab,Nawanshahr,2025,October,37,4,0
Punjab,Nawanshahr,2025,November,49,10,0
Punjab,Nawanshahr,2025,December,28,3,0
Odisha,Nayagarh,2025,September,849,119,1
Orissa,Nayagarh,2025,September,33,7,0
Odisha,Nayagarh,2025,October,429,53,3
Orissa,Nayagarh,2025,October,22,0,0
Odisha,Nayagarh,2025,November,401,65,7
Orissa,Nayagarh,2025,November,26,4,0
Odisha,Nayagarh,2025,December,401,34,0
Orissa,Nayagarh,2025,December,11,1,0
Madhya Pradesh,Neemuch,2025,September,1093,355,2
Madhya Pradesh,Neemuch,2025,October,654,109,0
Madhya Pradesh,Neemuch,2025,November,1697,170,13
Madhya Pradesh,Neemuch,2025,December,739,130,2
Andhra Pradesh,Nellore,2025,September,1477,292,2
Andhra Pradesh,Nellore,2025,October,884,174,0
Andhra Pradesh,Nellore,2025,November,1311,202,0
Andhra Pradesh,Nellore,2025,December,939,86,0
Delhi,New Delhi,2025,June,212,100,51
Delhi,New Delhi,2025,July,581,354,156
Delhi,New Delhi,2025,September,40,16,4
Delhi,New Delhi,2025,October,22,3,3
Delhi,New Delhi,2025,November,36,13,3
Delhi,New Delhi,2025,December,27,16,0
Andaman and Nicobar Islands,Nicobar,2025,September,41,6,0
Andaman and Nicobar Islands,Nicobar,2025,October,6,4,0
Andaman and Nicobar Islands,Nicobar,2025,November,12,0,0
Andaman and Nicobar Islands,Nicobar,2025,December,5,1,0
Andaman & Nicobar Islands,Nicobars,2025,September,1,0,0
Telangana,Nirmal,2025,September,531,41,0
Telangana,Nirmal,2025,October,270,19,2
Telangana,Nirmal,2025,November,325,33,1
Telangana,Nirmal,2025,December,166,13,0
Nagaland,Niuland,2025,September,5,10,1
Nagaland,Niuland,2025,October,8,3,0
Nagaland,Niuland,2025,November,0,2,1
Nagaland,Niuland,2025,December,1,0,0
Madhya Pradesh,Niwari,2025,September,29,5,0
Madhya Pradesh,Niwari,2025,October,15,2,1
Madhya Pradesh,Niwari,2025,November,47,8,1
Madhya Pradesh,Niwari,2025,December,26,1,7
Andhra Pradesh,Nizamabad,2025,September,167,28,0
Telangana,Nizamabad,2025,September,2344,203,1
Andhra Pradesh,Nizamabad,2025,October,138,19,0
Telangana,Nizamabad,2025,October,1595,148,0
Andhra Pradesh,Nizamabad,2025,November,104,21,0
Telangana,Nizamabad,2025,November,1344,162,4
Andhra Pradesh,Nizamabad,2025,December,44,3,0
Telangana,Nizamabad,2025,December,702,70,4
Nagaland,Noklak,2025,April,47,65,16
Nagaland,Noklak,2025,September,4,18,5
Nagaland,Noklak,2025,October,12,61,3
Nagaland,Noklak,2025,November,7,72,14
Nagaland,Noklak,2025,December,0,30,0
Sikkim,North,2025,September,10,7,0
Sikkim,North,2025,October,10,0,0
Sikkim,North,2025,November,10,3,0
Sikkim,North,2025,December,4,0,0
West Bengal,North 24 Parganas,2025,April,126,67,39
West Bengal,North 24 Parganas,2025,May,494,195,37
West Bengal,North 24 Parganas,2025,September,8255,2149,238
West Bengal,North 24 Parganas,2025,October,4564,1284,29
West Bengal,North 24 Parganas,2025,November,4974,1304,55
West Bengal,North 24 Parganas,2025,December,3104,742,950
Andaman and Nicobar Islands,North And Middle Andaman,2025,September,38,2,0
Andaman and Nicobar Islands,North And Middle Andaman,2025,October,20,1,0
Andaman and Nicobar Islands,North And Middle Andaman,2025,November,31,0,0
Andaman and Nicobar Islands,North And Middle Andaman,2025,December,39,1,0
Assam,North Cachar Hills,2025,April,130,179,99
Assam,North Cachar Hills,2025,May,25,39,13
Assam,North Cachar Hills,2025,September,110,68,2
Assam,North Cachar Hills,2025,October,99,54,1
Assam,North Cachar Hills,2025,November,85,58,21
Assam,North Cachar Hills,2025,December,52,22,1
Delhi,North Delhi,2025,June,332,244,22
Delhi,North Delhi,2025,July,563,309,29
Delhi,North Delhi,2025,September,631,250,11
Delhi,North Delhi,2025,October,373,112,3
Delhi,North Delhi,2025,November,726,199,14
Delhi,North Delhi,2025,December,523,116,2
West Bengal,North Dinajpur,2025,September,91,33,0
West Bengal,North Dinajpur,2025,October,55,20,0
West Bengal,North Dinajpur,2025,November,63,15,0
West Bengal,North Dinajpur,2025,December,54,11,0
Delhi,North East,2025,September,452,163,2
Delhi,North East,2025,October,261,82,0
Delhi,North East,2025,November,344,108,0
Delhi,North East,2025,December,271,55,0
Delhi,North East   *,2025,September,2,0,0
Delhi,North East Delhi,2025,June,998,569,10
Delhi,North East Delhi,2025,July,2868,1583,31
Delhi,North East Delhi,2025,September,1472,614,6
Delhi,North East Delhi,2025,October,954,374,3
Delhi,North East Delhi,2025,November,1168,397,9
Delhi,North East Delhi,2025,December,839,212,6
Meghalaya,North Garo Hills,2025,April,205,1048,242
Meghalaya,North Garo Hills,2025,May,65,168,91
Meghalaya,North Garo Hills,2025,July,22,97,125
Meghalaya,North Garo Hills,2025,September,107,332,37
Meghalaya,North Garo Hills,2025,October,17,87,46
Meghalaya,North Garo Hills,2025,November,32,89,71
Meghalaya,North Garo Hills,2025,December,9,33,146
Goa,North Goa,2025,July,21,10,11
Goa,North Goa,2025,September,410,64,40
Goa,North Goa,2025,October,216,23,6
Goa,North Goa,2025,November,296,37,25
Goa,North Goa,2025,December,166,12,17
Sikkim,North Sikkim,2025,September,15,4,0
Sikkim,North Sikkim,2025,October,12,8,0
Sikkim,North Sikkim,2025,November,16,4,0
Sikkim,North Sikkim,2025,December,2,1,0
Tripura,North Tripura,2025,July,124,75,17
Tripura,North Tripura,2025,September,319,125,4
Tripura,North Tripura,2025,October,135,59,0
Tripura,North Tripura,2025,November,265,87,3
Tripura,North Tripura,2025,December,203,70,2
West Bengal,North Twenty Four Parganas,2025,September,485,157,2
West Bengal,North Twenty Four Parganas,2025,October,304,84,0
West Bengal,North Twenty Four Parganas,2025,November,304,107,0
West Bengal,North Twenty Four Parganas,2025,December,133,51,0
Delhi,North West Delhi,2025,March,35,15,10
Delhi,North West Delhi,2025,April,903,349,54
Delhi,North West Delhi,2025,May,368,251,25
Delhi,North West Delhi,2025,June,588,184,26
Delhi,North West Delhi,2025,July,858,267,46
Delhi,North West Delhi,2025,September,2929,877,74
Delhi,North West Delhi,2025,October,1657,409,37
Delhi,North West Delhi,2025,November,2820,620,73
Delhi,North West Delhi,2025,December,2237,321,10
Odisha,Nuapada,2025,September,865,204,0
Odisha,Nuapada,2025,October,319,76,0
Orissa,Nuapada,2025,October,1,0,0
Odisha,Nuapada,2025,November,258,62,2
Orissa,Nuapada,2025,November,1,0,0
Odisha,Nuapada,2025,December,224,71,0
Haryana,Nuh,2025,June,1251,213,42
Maharashtra,Osmanabad,2025,July,275,105,10
Maharashtra,Osmanabad,2025,September,971,332,0
Maharashtra,Osmanabad,2025,October,590,105,0
Maharashtra,Osmanabad,2025,November,751,94,0
Maharashtra,Osmanabad,2025,December,716,77,0
Jharkhand,Pakaur,2025,September,105,67,0
Jharkhand,Pakaur,2025,October,29,7,0
Jharkhand,Pakaur,2025,November,50,19,0
Jharkhand,Pakaur,2025,December,13,7,0
Arunachal Pradesh,Pakke Kessang,2025,September,1,1,0
Arunachal Pradesh,Pakke Kessang,2025,October,1,0,0
Arunachal Pradesh,Pakke Kessang,2025,November,0,0,1
Jharkhand,Pakur,2025,April,579,372,11
Jharkhand,Pakur,2025,June,501,590,16
Jharkhand,Pakur,2025,July,994,1023,11
Jharkhand,Pakur,2025,September,1005,662,5
Jharkhand,Pakur,2025,October,229,106,1
Jharkhand,Pakur,2025,November,469,106,1
Jharkhand,Pakur,2025,December,194,49,0
Kerala,Palakkad,2025,September,1208,433,3
Kerala,Palakkad,2025,October,1122,363,60
Kerala,Palakkad,2025,November,1526,373,82
Kerala,Palakkad,2025,December,1318,212,24
Jharkhand,Palamau,2025,September,78,23,0
Jharkhand,Palamau,2025,October,21,8,0
Jharkhand,Palamau,2025,November,96,21,0
Jharkhand,Palamau,2025,December,25,14,0
Jharkhand,Palamu,2025,September,1933,642,18
Jharkhand,Palamu,2025,October,984,295,4
Jharkhand,Palamu,2025,November,2473,764,27
Jharkhand,Palamu,2025,December,1158,293,15
Maharashtra,Palghar,2025,April,174,90,16
Maharashtra,Palghar,2025,May,162,155,14
Maharashtra,Palghar,2025,June,252,252,10
Maharashtra,Palghar,2025,July,584,607,26
Maharashtra,Palghar,2025,September,1966,983,47
Maharashtra,Palghar,2025,October,1144,359,23
Maharashtra,Palghar,2025,November,1821,467,19
Maharashtra,Palghar,2025,December,1240,278,10
Rajasthan,Pali,2025,April,138,38,11
Rajasthan,Pali,2025,September,2731,1112,24
Rajasthan,Pali,2025,October,887,411,7
Rajasthan,Pali,2025,November,1596,680,61
Rajasthan,Pali,2025,December,948,455,15
Andhra Pradesh,Palnadu,2025,September,239,34,11
Andhra Pradesh,Palnadu,2025,October,148,17,1
Andhra Pradesh,Palnadu,2025,November,167,14,7
Andhra Pradesh,Palnadu,2025,December,205,11,6
Haryana,Palwal,2025,September,1117,125,2
Haryana,Palwal,2025,October,864,61,1
Haryana,Palwal,2025,November,1490,86,1
Haryana,Palwal,2025,December,896,60,0
Gujarat,Panch Mahals,2025,July,789,434,100
Gujarat,Panch Mahals,2025,September,28,4,0
Gujarat,Panch Mahals,2025,October,6,0,0
Gujarat,Panch Mahals,2025,November,21,4,0
Gujarat,Panch Mahals,2025,December,14,2,0
Haryana,Panchkula,2025,September,308,31,0
Haryana,Panchkula,2025,October,269,17,2
Haryana,Panchkula,2025,November,434,31,2
Haryana,Panchkula,2025,December,276,13,1
Gujarat,Panchmahals,2025,April,574,145,183
Gujarat,Panchmahals,2025,May,311,83,61
Gujarat,Panchmahals,2025,September,1431,388,47
Gujarat,Panchmahals,2025,October,629,125,9
Gujarat,Panchmahals,2025,November,1152,263,18
Gujarat,Panchmahals,2025,December,731,118,11
Madhya Pradesh,Pandhurna,2025,September,14,1,1
Madhya Pradesh,Pandhurna,2025,October,9,1,23
Madhya Pradesh,Pandhurna,2025,November,20,0,4
Madhya Pradesh,Pandhurna,2025,December,23,2,0
Haryana,Panipat,2025,June,776,87,14
Haryana,Panipat,2025,July,1344,169,10
Haryana,Panipat,2025,September,1076,108,6
Haryana,Panipat,2025,October,677,44,6
Haryana,Panipat,2025,November,990,98,10
Haryana,Panipat,2025,December,635,37,1
Madhya Pradesh,Panna,2025,April,107,33,19
Madhya Pradesh,Panna,2025,May,140,71,13
Madhya Pradesh,Panna,2025,July,301,173,13
Madhya Pradesh,Panna,2025,September,2714,916,17
Madhya Pradesh,Panna,2025,October,1153,407,19
Madhya Pradesh,Panna,2025,November,1432,493,16
Madhya Pradesh,Panna,2025,December,960,311,31
Arunachal Pradesh,Papum Pare,2025,September,72,87,0
Arunachal Pradesh,Papum Pare,2025,October,56,66,0
Arunachal Pradesh,Papum Pare,2025,November,49,63,5
Arunachal Pradesh,Papum Pare,2025,December,24,25,0
Maharashtra,Parbhani,2025,March,17,14,37
Maharashtra,Parbhani,2025,April,135,10,16
Maharashtra,Parbhani,2025,May,425,90,32
Maharashtra,Parbhani,2025,September,1476,446,4
Maharashtra,Parbhani,2025,October,957,171,23
Maharashtra,Parbhani,2025,November,1220,190,77
Maharashtra,Parbhani,2025,December,832,90,10
Andhra Pradesh,Parvathipuram Manyam,2025,September,162,11,4
Andhra Pradesh,Parvathipuram Manyam,2025,October,103,14,2
Andhra Pradesh,Parvathipuram Manyam,2025,November,106,9,0
Andhra Pradesh,Parvathipuram Manyam,2025,December,93,2,2
West Bengal,Paschim Bardhaman,2025,September,330,129,22
West Bengal,Paschim Bardhaman,2025,October,160,73,3
West Bengal,Paschim Bardhaman,2025,November,239,77,3
West Bengal,Paschim Bardhaman,2025,December,136,39,65
West Bengal,Paschim Medinipur,2025,September,5425,1590,28
West Bengal,Paschim Medinipur,2025,October,3354,787,1
West Bengal,Paschim Medinipur,2025,November,3439,841,2
West Bengal,Paschim Medinipur,2025,December,2022,477,119
Bihar,Pashchim Champaran,2025,March,25,88,13
Bihar,Pashchim Champaran,2025,June,1969,4299,239
Bihar,Pashchim Champaran,2025,July,3018,6314,310
Bihar,Pashchim Champaran,2025,September,21,12,0
Bihar,Pashchim Champaran,2025,October,4,6,0
Bihar,Pashchim Champaran,2025,November,12,6,0
Bihar,Pashchim Champaran,2025,December,11,12,0
Jharkhand,Pashchimi Singhbhum,2025,September,91,96,1
Jharkhand,Pashchimi Singhbhum,2025,October,69,50,0
Jharkhand,Pashchimi Singhbhum,2025,November,124,70,0
Jharkhand,Pashchimi Singhbhum,2025,December,62,36,0
Gujarat,Patan,2025,March,141,26,23
Gujarat,Patan,2025,April,800,173,225
Gujarat,Patan,2025,May,225,53,25
Gujarat,Patan,2025,June,207,80,11
Gujarat,Patan,2025,July,1741,1178,232
Gujarat,Patan,2025,September,1184,396,71
Gujarat,Patan,2025,October,317,77,39
Gujarat,Patan,2025,November,911,170,65
Gujarat,Patan,2025,December,497,75,25
Kerala,Pathanamthitta,2025,September,413,142,14
Kerala,Pathanamthitta,2025,October,329,102,24
Kerala,Pathanamthitta,2025,November,352,126,21
Kerala,Pathanamthitta,2025,December,304,110,14
Punjab,Pathankot,2025,September,339,23,0
Punjab,Pathankot,2025,October,154,12,0
Punjab,Pathankot,2025,November,297,27,1
Punjab,Pathankot,2025,December,243,5,14
Punjab,Patiala,2025,May,456,125,23
Punjab,Patiala,2025,July,766,237,18
Punjab,Patiala,2025,September,1290,157,0
Punjab,Patiala,2025,October,602,95,23
Punjab,Patiala,2025,November,703,100,2
Punjab,Patiala,2025,December,481,55,17
Bihar,Patna,2025,March,12,52,16
Bihar,Patna,2025,April,723,2303,373
Bihar,Patna,2025,May,105,347,22
Bihar,Patna,2025,June,320,1009,38
Bihar,Patna,2025,July,508,1551,51
Bihar,Patna,2025,September,1692,4715,18
Bihar,Patna,2025,October,921,2146,159
Bihar,Patna,2025,November,1161,2757,28
Bihar,Patna,2025,December,1303,2271,43
Uttarakhand,Pauri Garhwal,2025,September,551,58,2
Uttarakhand,Pauri Garhwal,2025,October,438,39,5
Uttarakhand,Pauri Garhwal,2025,November,388,39,1
Uttarakhand,Pauri Garhwal,2025,December,300,29,6
Telangana,Peddapalli,2025,September,197,31,1
Telangana,Peddapalli,2025,October,120,16,1
Telangana,Peddapalli,2025,November,125,10,1
Telangana,Peddapalli,2025,December,71,15,0
Tamil Nadu,Perambalur,2025,September,703,72,0
Tamil Nadu,Perambalur,2025,October,375,44,0
Tamil Nadu,Perambalur,2025,November,505,88,0
Tamil Nadu,Perambalur,2025,December,315,28,0
Nagaland,Peren,2025,April,201,331,12
Nagaland,Peren,2025,May,148,119,15
Nagaland,Peren,2025,June,37,141,10
Nagaland,Peren,2025,July,36,105,18
Nagaland,Peren,2025,September,47,90,12
Nagaland,Peren,2025,October,23,52,12
Nagaland,Peren,2025,November,11,5,21
Nagaland,Peren,2025,December,8,0,0
Nagaland,Phek,2025,April,157,268,22
Nagaland,Phek,2025,September,50,174,8
Nagaland,Phek,2025,October,42,147,3
Nagaland,Phek,2025,November,58,98,6
Nagaland,Phek,2025,December,2,8,0
Manipur,Pherzawl,2025,September,1,6,0
Manipur,Pherzawl,2025,October,0,1,0
Manipur,Pherzawl,2025,November,0,1,0
Manipur,Pherzawl,2025,December,0,2,0
Uttar Pradesh,Pilibhit,2025,April,598,260,20
Uttar Pradesh,Pilibhit,2025,May,1367,640,21
Uttar Pradesh,Pilibhit,2025,June,1026,628,25
Uttar Pradesh,Pilibhit,2025,July,1622,1108,36
Uttar Pradesh,Pilibhit,2025,September,1483,800,22
Uttar Pradesh,Pilibhit,2025,October,720,438,32
Uttar Pradesh,Pilibhit,2025,November,1155,521,37
Uttar Pradesh,Pilibhit,2025,December,820,236,20
Uttarakhand,Pithoragarh,2025,September,376,48,2
Uttarakhand,Pithoragarh,2025,October,209,41,3
Uttarakhand,Pithoragarh,2025,November,252,36,3
Uttarakhand,Pithoragarh,2025,December,228,21,1
Pondicherry,Pondicherry,2025,September,416,25,0
Pondicherry,Pondicherry,2025,October,180,17,0
Puducherry,Pondicherry,2025,October,1,0,0
Pondicherry,Pondicherry,2025,November,310,21,0
Puducherry,Pondicherry,2025,November,1,0,0
Pondicherry,Pondicherry,2025,December,109,6,0
Puducherry,Pondicherry,2025,December,1,0,0
Gujarat,Porbandar,2025,April,267,38,44
Gujarat,Porbandar,2025,June,209,57,11
Gujarat,Porbandar,2025,July,450,89,56
Gujarat,Porbandar,2025,September,404,73,20
Gujarat,Porbandar,2025,October,149,22,21
Gujarat,Porbandar,2025,November,290,41,20
Gujarat,Porbandar,2025,December,237,12,9
Andhra Pradesh,Prakasam,2025,July,91,108,38
Andhra Pradesh,Prakasam,2025,September,2197,479,13
Andhra Pradesh,Prakasam,2025,October,1290,217,2
Andhra Pradesh,Prakasam,2025,November,1633,246,5
Andhra Pradesh,Prakasam,2025,December,1194,107,3
Rajasthan,Pratapgarh,2025,September,1229,540,3
Uttar Pradesh,Pratapgarh,2025,September,2127,1927,11
Rajasthan,Pratapgarh,2025,October,284,141,0
Uttar Pradesh,Pratapgarh,2025,October,1291,1004,23
Rajasthan,Pratapgarh,2025,November,661,256,13
Uttar Pradesh,Pratapgarh,2025,November,1473,878,2
Rajasthan,Pratapgarh,2025,December,469,196,2
Uttar Pradesh,Pratapgarh,2025,December,975,577,20
Uttar Pradesh,Prayagraj,2025,May,23,45,19
Uttar Pradesh,Prayagraj,2025,July,503,540,23
Uttar Pradesh,Prayagraj,2025,September,326,249,8
Uttar Pradesh,Prayagraj,2025,October,171,147,91
Uttar Pradesh,Prayagraj,2025,November,240,177,36
Uttar Pradesh,Prayagraj,2025,December,165,97,5
Puducherry,Puducherry,2025,September,401,31,10
Puducherry,Puducherry,2025,October,222,20,1
Puducherry,Puducherry,2025,November,372,21,8
Puducherry,Puducherry,2025,December,218,13,13
Tamil Nadu,Pudukkottai,2025,May,143,34,13
Tamil Nadu,Pudukkottai,2025,September,2009,574,1
Tamil Nadu,Pudukkottai,2025,October,918,289,3
Tamil Nadu,Pudukkottai,2025,November,1405,563,4
Tamil Nadu,Pudukkottai,2025,December,864,210,15
Jammu and Kashmir,Pulwama,2025,September,457,40,0
Jammu & Kashmir,Pulwama,2025,October,1,0,0
Jammu and Kashmir,Pulwama,2025,October,426,30,12
Jammu & Kashmir,Pulwama,2025,November,1,0,0
Jammu and Kashmir,Pulwama,2025,November,450,32,2
Jammu & Kashmir,Pulwama,2025,December,2,0,0
Jammu and Kashmir,Pulwama,2025,December,405,16,1
Jammu and Kashmir,Punch,2025,April,142,59,10
Jammu and Kashmir,Punch,2025,September,352,142,0
Jammu and Kashmir,Punch,2025,October,401,118,1
Jammu and Kashmir,Punch,2025,November,536,171,6
Jammu & Kashmir,Punch,2025,December,1,0,0
Jammu and Kashmir,Punch,2025,December,632,58,0
Maharashtra,Pune,2025,April,39,11,19
Maharashtra,Pune,2025,May,328,97,61
Maharashtra,Pune,2025,June,142,83,11
Maharashtra,Pune,2025,July,3645,1552,291
Maharashtra,Pune,2025,September,5891,1905,81
Maharashtra,Pune,2025,October,3896,849,144
Maharashtra,Pune,2025,November,5677,1275,360
Maharashtra,Pune,2025,December,4470,764,172
West Bengal,Purba Bardhaman,2025,June,28,18,12
West Bengal,Purba Bardhaman,2025,September,932,123,22
West Bengal,Purba Bardhaman,2025,October,567,64,4
West Bengal,Purba Bardhaman,2025,November,649,120,4
West Bengal,Purba Bardhaman,2025,December,347,65,86
Bihar,Purba Champaran,2025,September,16,30,0
Bihar,Purba Champaran,2025,October,14,14,0
Bihar,Purba Champaran,2025,November,16,16,0
Bihar,Purba Champaran,2025,December,15,6,0
West Bengal,Purba Medinipur,2025,September,5084,514,17
West Bengal,Purba Medinipur,2025,October,2852,294,3
West Bengal,Purba Medinipur,2025,November,3170,352,1
West Bengal,Purba Medinipur,2025,December,1848,150,37
Bihar,Purbi Champaran,2025,March,60,241,35
Bihar,Purbi Champaran,2025,June,1549,4314,335
Bihar,Purbi Champaran,2025,July,2391,5516,430
Jharkhand,Purbi Singhbhum,2025,September,271,70,0
Jharkhand,Purbi Singhbhum,2025,October,209,36,0
Jharkhand,Purbi Singhbhum,2025,November,228,47,0
Jharkhand,Purbi Singhbhum,2025,December,106,19,0
Odisha,Puri,2025,September,1138,233,0
Orissa,Puri,2025,September,71,16,0
Odisha,Puri,2025,October,565,117,2
Orissa,Puri,2025,October,35,4,0
Odisha,Puri,2025,November,704,117,2
Orissa,Puri,2025,November,45,4,0
Odisha,Puri,2025,December,552,81,0
Orissa,Puri,2025,December,43,2,0
Bihar,Purnea,2025,September,60,39,0
Bihar,Purnea,2025,October,33,13,0
Bihar,Purnea,2025,November,49,25,0
Bihar,Purnea,2025,December,27,11,0
Bihar,Purnia,2025,April,517,276,21
Bihar,Purnia,2025,June,620,741,57
Bihar,Purnia,2025,July,872,1017,35
Bihar,Purnia,2025,September,3333,2028,14
Bihar,Purnia,2025,October,3070,1471,24
Bihar,Purnia,2025,November,1654,1061,20
Bihar,Purnia,2025,December,2129,1127,13
West Bengal,Purulia,2025,September,237,92,0
West Bengal,Purulia,2025,October,108,56,0
West Bengal,Purulia,2025,November,114,66,0
West Bengal,Purulia,2025,December,80,29,1
West Bengal,Puruliya,2025,September,3952,1353,40
West Bengal,Puruliya,2025,October,1963,690,0
West Bengal,Puruliya,2025,November,2413,891,4
West Bengal,Puruliya,2025,December,1346,478,89
Uttar Pradesh,Rae Bareli,2025,September,1849,1499,16
Uttar Pradesh,Rae Bareli,2025,October,1317,896,5
Uttar Pradesh,Rae Bareli,2025,November,1506,825,11
Uttar Pradesh,Rae Bareli,2025,December,1140,655,10
Uttar Pradesh,Raebareli,2025,September,0,1,0
Uttar Pradesh,Raebareli,2025,December,0,2,0
Karnataka,Raichur,2025,June,290,127,11
Karnataka,Raichur,2025,September,2095,730,28
Karnataka,Raichur,2025,October,1553,400,20
Karnataka,Raichur,2025,November,1918,487,27
Karnataka,Raichur,2025,December,1763,312,18
Maharashtra,Raigad,2025,April,242,72,21
Maharashtra,Raigad,2025,July,845,296,25
Maharashtra,Raigad,2025,September,496,139,9
Maharashtra,Raigad,2025,October,305,62,3
Maharashtra,Raigad,2025,November,392,106,31
Maharashtra,Raigad,2025,December,305,68,16
Chhattisgarh,Raigarh,2025,July,1318,181,23
Chhattisgarh,Raigarh,2025,September,1282,166,3
Maharashtra,Raigarh,2025,September,1475,395,0
Chhattisgarh,Raigarh,2025,October,547,82,4
Maharashtra,Raigarh,2025,October,845,135,0
Chhattisgarh,Raigarh,2025,November,710,104,7
Maharashtra,Raigarh,2025,November,1160,189,0
Chhattisgarh,Raigarh,2025,December,437,92,0
Maharashtra,Raigarh,2025,December,934,96,1
Maharashtra,Raigarh(MH),2025,September,21,9,0
Maharashtra,Raigarh(MH),2025,October,15,0,0
Maharashtra,Raigarh(MH),2025,November,12,1,0
Maharashtra,Raigarh(MH),2025,December,24,6,0
Chhattisgarh,Raipur,2025,March,49,15,36
Chhattisgarh,Raipur,2025,April,299,12,11
Chhattisgarh,Raipur,2025,September,1877,209,0
Chhattisgarh,Raipur,2025,October,1071,168,0
Chhattisgarh,Raipur,2025,November,1949,306,6
Chhattisgarh,Raipur,2025,December,960,69,4
Madhya Pradesh,Raisen,2025,April,410,83,22
Madhya Pradesh,Raisen,2025,September,2252,589,10
Madhya Pradesh,Raisen,2025,October,887,178,35
Madhya Pradesh,Raisen,2025,November,1194,171,40
Madhya Pradesh,Raisen,2025,December,1472,209,15
Telangana,Rajanna Sircilla,2025,September,262,21,0
Telangana,Rajanna Sircilla,2025,October,250,11,1
Telangana,Rajanna Sircilla,2025,November,194,12,1
Telangana,Rajanna Sircilla,2025,December,128,7,1
Jammu & Kashmir,Rajauri,2025,November,0,1,0
Jammu & Kashmir,Rajauri,2025,December,1,0,0
Madhya Pradesh,Rajgarh,2025,September,1685,679,4
Madhya Pradesh,Rajgarh,2025,October,651,202,12
Madhya Pradesh,Rajgarh,2025,November,1493,345,5
Madhya Pradesh,Rajgarh,2025,December,2713,368,14
Gujarat,Rajkot,2025,April,1398,338,231
Gujarat,Rajkot,2025,May,1375,312,221
Gujarat,Rajkot,2025,June,114,194,16
Gujarat,Rajkot,2025,July,2567,1437,200
Gujarat,Rajkot,2025,September,2225,651,50
Gujarat,Rajkot,2025,October,979,231,82
Gujarat,Rajkot,2025,November,2363,385,93
Gujarat,Rajkot,2025,December,1398,184,26
Chhattisgarh,Rajnandgaon,2025,September,1061,132,1
Chhattisgarh,Rajnandgaon,2025,October,699,39,0
Chhattisgarh,Rajnandgaon,2025,November,1281,141,22
Chhattisgarh,Rajnandgaon,2025,December,750,59,0
Jammu and Kashmir,Rajouri,2025,September,513,166,0
Jammu and Kashmir,Rajouri,2025,October,313,121,2
Jammu and Kashmir,Rajouri,2025,November,728,221,7
Jammu and Kashmir,Rajouri,2025,December,517,86,0
Rajasthan,Rajsamand,2025,September,1293,590,2
Rajasthan,Rajsamand,2025,October,464,243,4
Rajasthan,Rajsamand,2025,November,839,337,19
Rajasthan,Rajsamand,2025,December,482,235,4
Karnataka,Ramanagar,2025,September,950,255,4
Karnataka,Ramanagar,2025,October,488,57,0
Karnataka,Ramanagar,2025,November,668,46,7
Karnataka,Ramanagar,2025,December,453,21,0
Karnataka,Ramanagara,2025,July,168,24,12
Tamil Nadu,Ramanathapuram,2025,June,92,38,22
Tamil Nadu,Ramanathapuram,2025,September,1095,163,0
Tamil Nadu,Ramanathapuram,2025,October,621,148,5
Tamil Nadu,Ramanathapuram,2025,November,934,236,6
Tamil Nadu,Ramanathapuram,2025,December,576,59,10
Jammu and Kashmir,Ramban,2025,September,204,132,0
Jammu and Kashmir,Ramban,2025,October,300,157,0
Jammu and Kashmir,Ramban,2025,November,329,212,5
Jammu and Kashmir,Ramban,2025,December,484,96,1
Jharkhand,Ramgarh,2025,September,581,392,4
Jharkhand,Ramgarh,2025,October,391,223,1
Jharkhand,Ramgarh,2025,November,632,296,6
Jharkhand,Ramgarh,2025,December,298,155,0
Uttar Pradesh,Rampur,2025,April,894,333,19
Uttar Pradesh,Rampur,2025,May,1304,700,27
Uttar Pradesh,Rampur,2025,June,694,751,21
Uttar Pradesh,Rampur,2025,July,3375,2652,127
Uttar Pradesh,Rampur,2025,September,1741,1247,27
Uttar Pradesh,Rampur,2025,October,1252,690,7
Uttar Pradesh,Rampur,2025,November,1709,898,50
Uttar Pradesh,Rampur,2025,December,1082,486,24
Jharkhand,Ranchi,2025,April,552,481,87
Jharkhand,Ranchi,2025,June,259,273,34
Jharkhand,Ranchi,2025,July,792,682,121
Jharkhand,Ranchi,2025,September,1954,1079,8
Jharkhand,Ranchi,2025,October,1394,687,26
Jharkhand,Ranchi,2025,November,3402,1083,7
Jharkhand,Ranchi,2025,December,965,328,51
Telangana,Ranga Reddy,2025,July,181,93,10
Andhra Pradesh,Rangareddi,2025,September,502,132,0
Andhra Pradesh,Rangareddi,2025,October,355,120,0
Andhra Pradesh,Rangareddi,2025,November,375,122,0
Andhra Pradesh,Rangareddi,2025,December,246,31,0
Telangana,Rangareddy,2025,September,79,16,1
Telangana,Rangareddy,2025,October,60,10,0
Telangana,Rangareddy,2025,November,52,21,1
Telangana,Rangareddy,2025,December,46,14,0
Tamil Nadu,Ranipet,2025,September,30,6,0
Tamil Nadu,Ranipet,2025,October,19,2,0
Tamil Nadu,Ranipet,2025,November,32,2,1
Tamil Nadu,Ranipet,2025,December,16,3,0
Madhya Pradesh,Ratlam,2025,September,1847,637,6
Madhya Pradesh,Ratlam,2025,October,953,212,1
Madhya Pradesh,Ratlam,2025,November,2668,457,45
Madhya Pradesh,Ratlam,2025,December,959,172,25
Maharashtra,Ratnagiri,2025,September,665,102,3
Maharashtra,Ratnagiri,2025,October,536,36,2
Maharashtra,Ratnagiri,2025,November,642,49,18
Maharashtra,Ratnagiri,2025,December,509,32,9
Odisha,Rayagada,2025,September,1331,325,1
Orissa,Rayagada,2025,September,86,9,0
Odisha,Rayagada,2025,October,399,135,0
Orissa,Rayagada,2025,October,17,9,0
Odisha,Rayagada,2025,November,402,131,1
Orissa,Rayagada,2025,November,29,12,0
Odisha,Rayagada,2025,December,238,81,1
Orissa,Rayagada,2025,December,14,5,0
Jammu and Kashmir,Reasi,2025,September,242,113,0
Jammu and Kashmir,Reasi,2025,October,215,120,3
Jammu and Kashmir,Reasi,2025,November,348,249,2
Jammu and Kashmir,Reasi,2025,December,331,88,4
Madhya Pradesh,Rewa,2025,September,3014,622,1
Madhya Pradesh,Rewa,2025,October,2152,309,6
Madhya Pradesh,Rewa,2025,November,2416,341,10
Madhya Pradesh,Rewa,2025,December,1764,191,12
Haryana,Rewari,2025,September,630,62,2
Haryana,Rewari,2025,October,501,28,2
Haryana,Rewari,2025,November,753,45,2
Haryana,Rewari,2025,December,445,15,0
Meghalaya,Ri Bhoi,2025,March,30,11,26
Meghalaya,Ri Bhoi,2025,April,319,1500,514
Meghalaya,Ri Bhoi,2025,May,243,733,633
Meghalaya,Ri Bhoi,2025,June,69,398,316
Meghalaya,Ri Bhoi,2025,July,318,1160,946
Meghalaya,Ri Bhoi,2025,September,167,376,261
Meghalaya,Ri Bhoi,2025,October,65,135,260
Meghalaya,Ri Bhoi,2025,November,111,222,329
Meghalaya,Ri Bhoi,2025,December,16,63,87
Haryana,Rohtak,2025,June,420,56,52
Haryana,Rohtak,2025,September,829,47,1
Haryana,Rohtak,2025,October,580,28,1
Haryana,Rohtak,2025,November,810,39,7
Haryana,Rohtak,2025,December,522,21,0
Bihar,Rohtas,2025,September,847,1800,11
Bihar,Rohtas,2025,October,474,962,44
Bihar,Rohtas,2025,November,740,1273,13
Bihar,Rohtas,2025,December,680,1085,10
Uttarakhand,Rudraprayag,2025,September,279,34,0
Uttarakhand,Rudraprayag,2025,October,192,20,0
Uttarakhand,Rudraprayag,2025,November,225,17,0
Uttarakhand,Rudraprayag,2025,December,178,11,0
Chandigarh,Rupnagar,2025,September,1,0,0
Punjab,Rupnagar,2025,September,437,41,0
Punjab,Rupnagar,2025,October,159,16,3
Chandigarh,Rupnagar,2025,November,2,0,0
Punjab,Rupnagar,2025,November,363,24,3
Punjab,Rupnagar,2025,December,181,12,7
Punjab,S.A.S Nagar,2025,June,193,75,14
Punjab,S.A.S Nagar,2025,July,300,89,34
Punjab,S.A.S Nagar(Mohali),2025,September,93,15,0
Punjab,S.A.S Nagar(Mohali),2025,October,42,9,0
Punjab,S.A.S Nagar(Mohali),2025,November,62,8,0
Punjab,S.A.S Nagar(Mohali),2025,December,44,4,0
Punjab,SAS Nagar (Mohali),2025,April,204,65,11
Punjab,SAS Nagar (Mohali),2025,September,818,177,14
Punjab,SAS Nagar (Mohali),2025,October,409,78,13
Punjab,SAS Nagar (Mohali),2025,November,623,101,15
Punjab,SAS Nagar (Mohali),2025,December,344,72,9
Gujarat,Sabar Kantha,2025,July,951,1169,157
Gujarat,Sabar Kantha,2025,September,45,14,0
Gujarat,Sabar Kantha,2025,October,16,4,0
Gujarat,Sabar Kantha,2025,November,43,6,0
Gujarat,Sabar Kantha,2025,December,28,4,0
Gujarat,Sabarkantha,2025,April,389,197,110
Gujarat,Sabarkantha,2025,May,90,41,11
Gujarat,Sabarkantha,2025,September,1205,560,82
Gujarat,Sabarkantha,2025,October,400,102,36
Gujarat,Sabarkantha,2025,November,793,159,60
Gujarat,Sabarkantha,2025,December,726,114,40
Madhya Pradesh,Sagar,2025,April,183,26,12
Madhya Pradesh,Sagar,2025,June,131,53,17
Madhya Pradesh,Sagar,2025,July,1201,320,51
Madhya Pradesh,Sagar,2025,September,3017,658,12
Madhya Pradesh,Sagar,2025,October,1594,233,86
Madhya Pradesh,Sagar,2025,November,3049,310,152
Madhya Pradesh,Sagar,2025,December,2397,282,57
Uttar Pradesh,Saharanpur,2025,March,91,152,10
Uttar Pradesh,Saharanpur,2025,April,1499,533,29
Uttar Pradesh,Saharanpur,2025,June,929,585,14
Uttar Pradesh,Saharanpur,2025,July,2054,852,14
Uttar Pradesh,Saharanpur,2025,September,2694,1165,6
Uttar Pradesh,Saharanpur,2025,October,1896,646,12
Uttar Pradesh,Saharanpur,2025,November,2678,868,8
Uttar Pradesh,Saharanpur,2025,December,1867,558,6
Bihar,Saharsa,2025,May,334,295,13
Bihar,Saharsa,2025,June,319,487,20
Bihar,Saharsa,2025,July,569,627,42
Bihar,Saharsa,2025,September,1673,1812,39
Bihar,Saharsa,2025,October,1087,1193,34
Bihar,Saharsa,2025,November,1219,1180,39
Bihar,Saharsa,2025,December,1080,983,18
Jharkhand,Sahebganj,2025,September,977,893,9
Jharkhand,Sahebganj,2025,October,591,402,1
Jharkhand,Sahebganj,2025,November,1386,1075,2
Jharkhand,Sahebganj,2025,December,682,300,3
Jharkhand,Sahibganj,2025,September,53,68,0
Jharkhand,Sahibganj,2025,October,52,35,0
Jharkhand,Sahibganj,2025,November,65,67,0
Jharkhand,Sahibganj,2025,December,17,8,0
Mizoram,Saiha,2025,May,59,61,63
Mizoram,Saiha,2025,July,87,48,18
Mizoram,Saiha,2025,September,117,28,1
Mizoram,Saiha,2025,October,47,18,5
Mizoram,Saiha,2025,November,31,13,15
Mizoram,Saiha,2025,December,33,13,0
Mizoram,Saitual,2025,September,0,0,1
Mizoram,Saitual,2025,October,1,0,5
Mizoram,Saitual,2025,November,0,2,1
Mizoram,Saitual,2025,December,1,1,0
Chhattisgarh,Sakti,2025,September,135,40,2
Chhattisgarh,Sakti,2025,October,63,13,0
Chhattisgarh,Sakti,2025,November,110,17,0
Chhattisgarh,Sakti,2025,December,65,10,0
Tamil Nadu,Salem,2025,June,335,95,64
Tamil Nadu,Salem,2025,September,2872,457,2
Tamil Nadu,Salem,2025,October,1609,311,17
Tamil Nadu,Salem,2025,November,2012,490,95
Tamil Nadu,Salem,2025,December,1589,255,46
Rajasthan,Salumbar,2025,December,1,0,0
Bihar,Samastipur,2025,July,513,488,13
Bihar,Samastipur,2025,September,3151,2323,31
Bihar,Samastipur,2025,October,2262,1433,42
Bihar,Samastipur,2025,November,2805,1917,31
Bihar,Samastipur,2025,December,2558,1626,14
Jammu and Kashmir,Samba,2025,September,150,12,0
Jammu and Kashmir,Samba,2025,October,110,16,2
Jammu and Kashmir,Samba,2025,November,143,12,7
Jammu and Kashmir,Samba,2025,December,129,7,0
Odisha,Sambalpur,2025,September,840,130,0
Orissa,Sambalpur,2025,September,3,1,0
Odisha,Sambalpur,2025,October,454,55,0
Orissa,Sambalpur,2025,October,9,1,0
Odisha,Sambalpur,2025,November,483,82,1
Orissa,Sambalpur,2025,November,4,2,0
Odisha,Sambalpur,2025,December,457,50,0
Orissa,Sambalpur,2025,December,5,0,0
Uttar Pradesh,Sambhal,2025,July,339,200,11
Uttar Pradesh,Sambhal,2025,September,1571,1476,42
Uttar Pradesh,Sambhal,2025,October,781,539,12
Uttar Pradesh,Sambhal,2025,November,1133,875,25
Uttar Pradesh,Sambhal,2025,December,920,726,27
Bihar,Samstipur,2025,September,12,12,0
Bihar,Samstipur,2025,October,11,5,0
Bihar,Samstipur,2025,November,16,18,0
Bihar,Samstipur,2025,December,2,6,0
Telangana,Sangareddy,2025,September,729,154,3
Telangana,Sangareddy,2025,October,596,150,1
Telangana,Sangareddy,2025,November,595,118,2
Telangana,Sangareddy,2025,December,304,46,5
Maharashtra,Sangli,2025,May,160,45,20
Maharashtra,Sangli,2025,June,240,105,11
Maharashtra,Sangli,2025,July,958,588,48
Maharashtra,Sangli,2025,September,1434,658,21
Maharashtra,Sangli,2025,October,795,134,24
Maharashtra,Sangli,2025,November,1157,189,8
Maharashtra,Sangli,2025,December,953,83,1
Punjab,Sangrur,2025,April,145,11,10
Punjab,Sangrur,2025,September,837,87,0
Punjab,Sangrur,2025,October,339,29,3
Punjab,Sangrur,2025,November,460,52,26
Punjab,Sangrur,2025,December,306,24,0
Uttar Pradesh,Sant Kabir Nagar,2025,September,758,1215,5
Uttar Pradesh,Sant Kabir Nagar,2025,October,657,733,9
Uttar Pradesh,Sant Kabir Nagar,2025,November,793,880,20
Uttar Pradesh,Sant Kabir Nagar,2025,December,581,515,3
Uttar Pradesh,Sant Ravidas Nagar,2025,September,636,1034,1
Uttar Pradesh,Sant Ravidas Nagar,2025,October,411,520,1
Uttar Pradesh,Sant Ravidas Nagar,2025,November,491,600,1
Uttar Pradesh,Sant Ravidas Nagar,2025,December,331,393,1
Uttar Pradesh,Sant Ravidas Nagar Bhadohi,2025,September,14,18,0
Uttar Pradesh,Sant Ravidas Nagar Bhadohi,2025,October,8,16,0
Uttar Pradesh,Sant Ravidas Nagar Bhadohi,2025,November,10,5,0
Uttar Pradesh,Sant Ravidas Nagar Bhadohi,2025,December,5,8,0
Bihar,Saran,2025,April,143,174,10
Bihar,Saran,2025,June,222,864,25
Bihar,Saran,2025,July,607,1872,52
Bihar,Saran,2025,September,1970,4355,44
Bihar,Saran,2025,October,1566,3234,32
Bihar,Saran,2025,November,1598,3207,27
Bihar,Saran,2025,December,1486,2701,29
Chhattisgarh,Sarangarh-Bilaigarh,2025,September,22,4,3
Chhattisgarh,Sarangarh-Bilaigarh,2025,October,29,3,0
Chhattisgarh,Sarangarh-Bilaigarh,2025,November,41,9,0
Chhattisgarh,Sarangarh-Bilaigarh,2025,December,67,8,0
Maharashtra,Satara,2025,April,192,26,18
Maharashtra,Satara,2025,May,150,32,10
Maharashtra,Satara,2025,June,136,55,10
Maharashtra,Satara,2025,July,327,116,16
Maharashtra,Satara,2025,September,1074,221,26
Maharashtra,Satara,2025,October,797,89,18
Maharashtra,Satara,2025,November,1180,105,33
Maharashtra,Satara,2025,December,1292,73,25
Madhya Pradesh,Satna,2025,April,368,55,14
Madhya Pradesh,Satna,2025,July,488,121,20
Madhya Pradesh,Satna,2025,September,3932,765,5
Madhya Pradesh,Satna,2025,October,2028,397,13
Madhya Pradesh,Satna,2025,November,2537,327,22
Madhya Pradesh,Satna,2025,December,1845,281,58
Rajasthan,Sawai Madhopur,2025,July,593,307,10
Rajasthan,Sawai Madhopur,2025,September,1717,685,9
Rajasthan,Sawai Madhopur,2025,October,612,326,26
Rajasthan,Sawai Madhopur,2025,November,1057,438,41
Rajasthan,Sawai Madhopur,2025,December,596,327,0
Madhya Pradesh,Sehore,2025,July,1151,496,26
Madhya Pradesh,Sehore,2025,September,993,312,4
Madhya Pradesh,Sehore,2025,October,511,107,8
Madhya Pradesh,Sehore,2025,November,943,172,12
Madhya Pradesh,Sehore,2025,December,1557,221,5
Manipur,Senapati,2025,September,252,292,1
Manipur,Senapati,2025,October,207,183,4
Manipur,Senapati,2025,November,207,151,7
Manipur,Senapati,2025,December,98,95,4
Madhya Pradesh,Seoni,2025,September,2063,234,0
Madhya Pradesh,Seoni,2025,October,836,84,4
Madhya Pradesh,Seoni,2025,November,1322,101,5
Madhya Pradesh,Seoni,2025,December,1337,94,1
Tripura,Sepahijala,2025,July,166,144,15
Tripura,Sepahijala,2025,September,255,132,0
Tripura,Sepahijala,2025,October,189,79,2
Tripura,Sepahijala,2025,November,275,113,10
Tripura,Sepahijala,2025,December,236,109,3
Jharkhand,Seraikela-Kharsawan,2025,September,671,337,3
Jharkhand,Seraikela-Kharsawan,2025,October,444,189,19
Jharkhand,Seraikela-Kharsawan,2025,November,735,286,4
Jharkhand,Seraikela-Kharsawan,2025,December,548,149,4
Jharkhand,Seraikela-kharsawan,2025,September,149,99,0
Jharkhand,Seraikela-kharsawan,2025,October,103,53,0
Jharkhand,Seraikela-kharsawan,2025,November,194,109,0
Jharkhand,Seraikela-kharsawan,2025,December,99,55,0
Mizoram,Serchhip,2025,September,33,7,2
Mizoram,Serchhip,2025,October,20,5,3
Mizoram,Serchhip,2025,November,18,4,1
Mizoram,Serchhip,2025,December,9,0,0
Delhi,Shahdara,2025,April,208,98,13
Delhi,Shahdara,2025,May,66,47,20
Delhi,Shahdara,2025,July,545,239,15
Delhi,Shahdara,2025,September,121,55,8
Delhi,Shahdara,2025,October,45,16,2
Delhi,Shahdara,2025,November,84,36,4
Delhi,Shahdara,2025,December,52,24,2
Madhya Pradesh,Shahdol,2025,September,1270,341,11
Madhya Pradesh,Shahdol,2025,October,766,168,5
Madhya Pradesh,Shahdol,2025,November,915,143,42
Madhya Pradesh,Shahdol,2025,December,1459,176,1
Punjab,Shaheed Bhagat Singh Nagar,2025,September,310,39,1
Punjab,Shaheed Bhagat Singh Nagar,2025,October,124,15,10
Punjab,Shaheed Bhagat Singh Nagar,2025,November,248,36,30
Punjab,Shaheed Bhagat Singh Nagar,2025,December,119,11,3
Uttar Pradesh,Shahjahanpur,2025,April,1402,852,63
Uttar Pradesh,Shahjahanpur,2025,May,1274,987,51
Uttar Pradesh,Shahjahanpur,2025,June,736,918,55
Uttar Pradesh,Shahjahanpur,2025,July,4039,3765,121
Uttar Pradesh,Shahjahanpur,2025,September,1948,1902,57
Uttar Pradesh,Shahjahanpur,2025,October,948,925,28
Uttar Pradesh,Shahjahanpur,2025,November,1520,1161,55
Uttar Pradesh,Shahjahanpur,2025,December,944,523,17
Madhya Pradesh,Shajapur,2025,September,1499,484,8
Madhya Pradesh,Shajapur,2025,October,918,154,4
Madhya Pradesh,Shajapur,2025,November,2048,232,6
Madhya Pradesh,Shajapur,2025,December,1472,200,0
Nagaland,Shamator,2025,September,2,145,9
Nagaland,Shamator,2025,October,1,34,0
Nagaland,Shamator,2025,November,0,23,14
Nagaland,Shamator,2025,December,0,19,0
Uttar Pradesh,Shamli,2025,April,374,151,12
Uttar Pradesh,Shamli,2025,September,1407,833,6
Uttar Pradesh,Shamli,2025,October,1038,506,13
Uttar Pradesh,Shamli,2025,November,1678,754,11
Uttar Pradesh,Shamli,2025,December,1033,369,15
Bihar,Sheikhpura,2025,September,462,761,4
Bihar,Sheikhpura,2025,October,258,505,5
Bihar,Sheikhpura,2025,November,291,391,9
Bihar,Sheikhpura,2025,December,233,277,3
Bihar,Sheikpura,2025,September,4,7,0
Bihar,Sheikpura,2025,October,2,1,0
Bihar,Sheikpura,2025,November,2,8,0
Bihar,Sheikpura,2025,December,3,2,0
Bihar,Sheohar,2025,September,498,334,4
Bihar,Sheohar,2025,October,470,230,1
Bihar,Sheohar,2025,November,498,284,2
Bihar,Sheohar,2025,December,601,336,4
Madhya Pradesh,Sheopur,2025,April,209,163,24
Madhya Pradesh,Sheopur,2025,June,368,430,11
Madhya Pradesh,Sheopur,2025,July,757,969,27
Madhya Pradesh,Sheopur,2025,September,676,718,50
Madhya Pradesh,Sheopur,2025,October,246,172,1
Madhya Pradesh,Sheopur,2025,November,580,398,23
Madhya Pradesh,Sheopur,2025,December,929,476,3
Arunachal Pradesh,Shi-yomi,2025,September,5,0,0
Arunachal Pradesh,Shi-yomi,2025,October,2,5,0
Arunachal Pradesh,Shi-yomi,2025,November,1,15,5
Arunachal Pradesh,Shi-yomi,2025,December,0,2,0
Himachal Pradesh,Shimla,2025,September,374,69,1
Himachal Pradesh,Shimla,2025,October,375,35,10
Himachal Pradesh,Shimla,2025,November,495,36,7
Himachal Pradesh,Shimla,2025,December,244,21,3
Karnataka,Shimoga,2025,September,648,58,0
Karnataka,Shimoga,2025,October,368,25,0
Karnataka,Shimoga,2025,November,560,43,0
Karnataka,Shimoga,2025,December,535,23,0
Karnataka,Shivamogga,2025,September,636,75,0
Karnataka,Shivamogga,2025,October,380,30,16
Karnataka,Shivamogga,2025,November,462,43,23
Karnataka,Shivamogga,2025,December,526,34,4
Madhya Pradesh,Shivpuri,2025,April,499,259,111
Madhya Pradesh,Shivpuri,2025,June,326,430,27
Madhya Pradesh,Shivpuri,2025,July,617,705,42
Madhya Pradesh,Shivpuri,2025,September,2330,1770,17
Madhya Pradesh,Shivpuri,2025,October,574,353,325
Madhya Pradesh,Shivpuri,2025,November,1257,638,206
Madhya Pradesh,Shivpuri,2025,December,1524,712,19
Jammu And Kashmir,Shopian,2025,July,308,84,20
Uttar Pradesh,Shravasti,2025,June,326,564,49
Uttar Pradesh,Shravasti,2025,July,541,1006,49
Uttar Pradesh,Shrawasti,2025,April,207,307,11
Uttar Pradesh,Shrawasti,2025,May,279,445,28
Uttar Pradesh,Shrawasti,2025,September,524,1056,46
Uttar Pradesh,Shrawasti,2025,October,235,429,26
Uttar Pradesh,Shrawasti,2025,November,312,529,30
Uttar Pradesh,Shrawasti,2025,December,259,385,9
Jammu and Kashmir,Shupiyan,2025,September,141,33,1
Jammu and Kashmir,Shupiyan,2025,October,108,27,0
Jammu and Kashmir,Shupiyan,2025,November,108,45,0
Jammu and Kashmir,Shupiyan,2025,December,180,23,0
Arunachal Pradesh,Siang,2025,September,31,43,0
Arunachal Pradesh,Siang,2025,October,4,11,0
Arunachal Pradesh,Siang,2025,November,2,6,4
Arunachal Pradesh,Siang,2025,December,2,0,0
Assam,Sibsagar,2025,April,220,83,276
Assam,Sibsagar,2025,May,95,43,87
Assam,Sibsagar,2025,September,404,129,1
Assam,Sibsagar,2025,October,314,95,190
Assam,Sibsagar,2025,November,419,126,108
Assam,Sibsagar,2025,December,109,38,0
Uttar Pradesh,Siddharth Nagar,2025,June,103,278,12
Uttar Pradesh,Siddharth Nagar,2025,July,1500,2308,140
Uttar Pradesh,Siddharthnagar,2025,April,804,1006,68
Uttar Pradesh,Siddharthnagar,2025,May,603,1073,47
Uttar Pradesh,Siddharthnagar,2025,September,1326,2270,130
Uttar Pradesh,Siddharthnagar,2025,October,541,1348,52
Uttar Pradesh,Siddharthnagar,2025,November,900,1893,68
Uttar Pradesh,Siddharthnagar,2025,December,701,1149,34
Telangana,Siddipet,2025,September,596,49,0
Telangana,Siddipet,2025,October,467,49,0
Telangana,Siddipet,2025,November,430,57,1
Telangana,Siddipet,2025,December,208,19,0
Madhya Pradesh,Sidhi,2025,September,1652,298,4
Madhya Pradesh,Sidhi,2025,October,1391,126,5
Madhya Pradesh,Sidhi,2025,November,1393,119,5
Madhya Pradesh,Sidhi,2025,December,1170,128,1
Rajasthan,Sikar,2025,March,41,36,17
Rajasthan,Sikar,2025,April,251,62,22
Rajasthan,Sikar,2025,July,461,178,11
Rajasthan,Sikar,2025,September,3566,1238,10
Rajasthan,Sikar,2025,October,1092,444,1
Rajasthan,Sikar,2025,November,1717,555,113
Rajasthan,Sikar,2025,December,1035,548,2
Jharkhand,Simdega,2025,September,622,288,0
Jharkhand,Simdega,2025,October,286,97,0
Jharkhand,Simdega,2025,November,353,148,13
Jharkhand,Simdega,2025,December,211,61,0
Maharashtra,Sindhudurg,2025,September,344,21,1
Maharashtra,Sindhudurg,2025,October,211,7,3
Maharashtra,Sindhudurg,2025,November,373,19,15
Maharashtra,Sindhudurg,2025,December,193,12,3
Madhya Pradesh,Singrauli,2025,September,1673,318,7
Madhya Pradesh,Singrauli,2025,October,1315,207,0
Madhya Pradesh,Singrauli,2025,November,1289,188,4
Madhya Pradesh,Singrauli,2025,December,1392,146,11
Himachal Pradesh,Sirmaur,2025,September,480,30,2
Himachal Pradesh,Sirmaur,2025,October,289,13,2
Himachal Pradesh,Sirmaur,2025,November,498,11,2
Himachal Pradesh,Sirmaur,2025,December,243,13,1
Rajasthan,Sirohi,2025,April,349,210,67
Rajasthan,Sirohi,2025,May,246,301,10
Rajasthan,Sirohi,2025,June,216,289,28
Rajasthan,Sirohi,2025,July,1174,1471,72
Rajasthan,Sirohi,2025,September,1471,1084,7
Rajasthan,Sirohi,2025,October,508,420,17
Rajasthan,Sirohi,2025,November,896,585,160
Rajasthan,Sirohi,2025,December,640,493,18
Haryana,Sirsa,2025,September,811,66,0
Haryana,Sirsa,2025,October,684,45,0
Haryana,Sirsa,2025,November,974,53,2
Haryana,Sirsa,2025,December,666,34,0
Bihar,Sitamarhi,2025,March,336,696,303
Bihar,Sitamarhi,2025,April,2452,1625,487
Bihar,Sitamarhi,2025,May,2961,2387,348
Bihar,Sitamarhi,2025,June,2839,3126,511
Bihar,Sitamarhi,2025,July,3852,4519,746
Bihar,Sitamarhi,2025,September,2426,2048,127
Bihar,Sitamarhi,2025,October,1814,1317,62
Bihar,Sitamarhi,2025,November,2063,1701,86
Bihar,Sitamarhi,2025,December,1936,1437,27
Uttar Pradesh,Sitapur,2025,April,1928,1053,87
Uttar Pradesh,Sitapur,2025,May,802,540,31
Uttar Pradesh,Sitapur,2025,June,998,1134,87
Uttar Pradesh,Sitapur,2025,July,4236,3712,168
Uttar Pradesh,Sitapur,2025,September,3166,3284,102
Uttar Pradesh,Sitapur,2025,October,1306,1262,107
Uttar Pradesh,Sitapur,2025,November,2013,1695,131
Uttar Pradesh,Sitapur,2025,December,1788,1189,35
Tamil Nadu,Sivaganga,2025,June,70,13,10
Tamil Nadu,Sivaganga,2025,September,1314,168,0
Tamil Nadu,Sivaganga,2025,October,687,118,0
Tamil Nadu,Sivaganga,2025,November,1027,312,9
Tamil Nadu,Sivaganga,2025,December,642,74,2
Assam,Sivasagar,2025,June,37,33,10
Assam,Sivasagar,2025,July,167,80,95
Bihar,Siwan,2025,May,269,384,12
Bihar,Siwan,2025,June,185,298,21
Bihar,Siwan,2025,July,192,414,12
Bihar,Siwan,2025,September,1652,2631,14
Bihar,Siwan,2025,October,1327,1856,42
Bihar,Siwan,2025,November,1492,2104,30
Bihar,Siwan,2025,December,1032,1338,6
Himachal Pradesh,Solan,2025,September,303,29,0
Himachal Pradesh,Solan,2025,October,246,16,2
Himachal Pradesh,Solan,2025,November,372,12,1
Himachal Pradesh,Solan,2025,December,184,8,3
Maharashtra,Solapur,2025,April,548,67,45
Maharashtra,Solapur,2025,May,473,97,51
Maharashtra,Solapur,2025,July,355,172,34
Maharashtra,Solapur,2025,September,2315,1054,20
Maharashtra,Solapur,2025,October,1528,330,20
Maharashtra,Solapur,2025,November,2258,454,50
Maharashtra,Solapur,2025,December,2060,321,40
Odisha,Sonapur,2025,September,624,112,0
Orissa,Sonapur,2025,September,9,0,0
Odisha,Sonapur,2025,October,238,35,0
Orissa,Sonapur,2025,October,4,0,0
Odisha,Sonapur,2025,November,230,48,0
Orissa,Sonapur,2025,November,4,0,0
Odisha,Sonapur,2025,December,174,26,1
Orissa,Sonapur,2025,December,5,0,0
Uttar Pradesh,Sonbhadra,2025,September,1322,963,5
Uttar Pradesh,Sonbhadra,2025,October,441,289,4
Uttar Pradesh,Sonbhadra,2025,November,724,506,4
Uttar Pradesh,Sonbhadra,2025,December,511,265,0
Haryana,Sonipat,2025,June,360,46,23
Haryana,Sonipat,2025,September,1190,74,6
Haryana,Sonipat,2025,October,795,43,4
Haryana,Sonipat,2025,November,1241,74,3
Haryana,Sonipat,2025,December,728,31,1
Assam,Sonitpur,2025,March,10,28,43
Assam,Sonitpur,2025,April,138,169,65
Assam,Sonitpur,2025,May,55,160,38
Assam,Sonitpur,2025,June,97,110,77
Assam,Sonitpur,2025,July,641,279,110
Assam,Sonitpur,2025,September,1544,712,2
Assam,Sonitpur,2025,October,1080,467,5
Assam,Sonitpur,2025,November,1192,505,161
Assam,Sonitpur,2025,December,744,293,472
Sikkim,South,2025,September,45,58,1
Sikkim,South,2025,October,11,22,0
Sikkim,South,2025,November,29,25,0
Sikkim,South,2025,December,3,3,0
West Bengal,South 24 Pargana,2025,October,1,0,0
West Bengal,South 24 Pargana,2025,December,0,1,0
West Bengal,South 24 Parganas,2025,September,6981,2419,59
West Bengal,South 24 Parganas,2025,October,7486,2338,14
West Bengal,South 24 Parganas,2025,November,6570,2258,10
West Bengal,South 24 Parganas,2025,December,4002,1182,221
West Bengal,South 24 parganas,2025,October,2,0,0
Andaman & Nicobar Islands,South Andaman,2025,September,15,0,0
Andaman and Nicobar Islands,South Andaman,2025,September,54,4,0
Andaman & Nicobar Islands,South Andaman,2025,October,7,0,0
Andaman and Nicobar Islands,South Andaman,2025,October,26,3,0
Andaman & Nicobar Islands,South Andaman,2025,November,8,0,0
Andaman and Nicobar Islands,South Andaman,2025,November,45,3,0
Andaman & Nicobar Islands,South Andaman,2025,December,8,0,0
Andaman and Nicobar Islands,South Andaman,2025,December,53,2,0
Delhi,South Delhi,2025,April,404,137,22
Delhi,South Delhi,2025,May,217,88,28
Delhi,South Delhi,2025,June,619,249,43
Delhi,South Delhi,2025,July,794,321,139
Delhi,South Delhi,2025,September,2445,761,73
Delhi,South Delhi,2025,October,1599,382,32
Delhi,South Delhi,2025,November,2345,557,90
Delhi,South Delhi,2025,December,1715,285,50
West Bengal,South Dinajpur,2025,September,166,23,0
West Bengal,South Dinajpur,2025,October,80,24,0
West Bengal,South Dinajpur,2025,November,77,17,0
West Bengal,South Dinajpur,2025,December,52,7,0
Delhi,South East Delhi,2025,September,12,4,1
Delhi,South East Delhi,2025,October,3,3,1
Delhi,South East Delhi,2025,November,18,1,3
Delhi,South East Delhi,2025,December,13,1,0
Meghalaya,South Garo Hills,2025,April,231,820,367
Meghalaya,South Garo Hills,2025,May,105,388,192
Meghalaya,South Garo Hills,2025,June,42,197,312
Meghalaya,South Garo Hills,2025,July,44,206,236
Meghalaya,South Garo Hills,2025,September,81,486,166
Meghalaya,South Garo Hills,2025,October,29,206,14
Meghalaya,South Garo Hills,2025,November,35,107,159
Meghalaya,South Garo Hills,2025,December,1,17,0
Goa,South Goa,2025,September,282,41,34
Goa,South Goa,2025,October,159,24,4
Goa,South Goa,2025,November,256,31,20
Goa,South Goa,2025,December,108,12,6
Assam,South Salmara Mankachar,2025,April,176,102,30
Assam,South Salmara Mankachar,2025,September,364,114,2
Assam,South Salmara Mankachar,2025,October,207,48,0
Assam,South Salmara Mankachar,2025,November,216,76,14
Assam,South Salmara Mankachar,2025,December,99,24,0
Sikkim,South Sikkim,2025,April,15,23,11
Sikkim,South Sikkim,2025,July,100,147,13
Sikkim,South Sikkim,2025,September,32,38,0
Sikkim,South Sikkim,2025,October,9,18,1
Sikkim,South Sikkim,2025,November,26,18,0
Sikkim,South Sikkim,2025,December,5,3,0
Tripura,South Tripura,2025,September,416,256,0
Tripura,South Tripura,2025,October,227,152,0
Tripura,South Tripura,2025,November,353,268,4
Tripura,South Tripura,2025,December,352,128,2
West Bengal,South Twenty Four Parganas,2025,September,797,316,3
West Bengal,South Twenty Four Parganas,2025,October,913,325,1
West Bengal,South Twenty Four Parganas,2025,November,892,351,0
West Bengal,South Twenty Four Parganas,2025,December,376,133,0
Delhi,South West Delhi,2025,April,558,209,58
Delhi,South West Delhi,2025,May,448,188,48
Delhi,South West Delhi,2025,June,202,90,29
Delhi,South West Delhi,2025,July,468,207,29
Delhi,South West Delhi,2025,September,1772,505,64
Delhi,South West Delhi,2025,October,995,225,35
Delhi,South West Delhi,2025,November,1363,329,62
Delhi,South West Delhi,2025,December,1145,192,34
Meghalaya,South West Garo Hills,2025,April,991,610,174
Meghalaya,South West Garo Hills,2025,May,392,240,167
Meghalaya,South West Garo Hills,2025,June,264,209,145
Meghalaya,South West Garo Hills,2025,July,370,272,173
Meghalaya,South West Garo Hills,2025,September,223,176,104
Meghalaya,South West Garo Hills,2025,October,88,76,42
Meghalaya,South West Garo Hills,2025,November,76,61,59
Meghalaya,South West Garo Hills,2025,December,13,12,19
Meghalaya,South West Khasi Hills,2025,April,241,535,212
Meghalaya,South West Khasi Hills,2025,May,135,192,200
Meghalaya,South West Khasi Hills,2025,June,54,184,146
Meghalaya,South West Khasi Hills,2025,July,137,283,326
Meghalaya,South West Khasi Hills,2025,September,55,86,109
Meghalaya,South West Khasi Hills,2025,October,45,78,49
Meghalaya,South West Khasi Hills,2025,November,112,158,60
Meghalaya,South West Khasi Hills,2025,December,10,27,12
Andhra Pradesh,Spsr Nellore,2025,March,43,44,29
Andhra Pradesh,Spsr Nellore,2025,June,742,405,201
Andhra Pradesh,Spsr Nellore,2025,July,382,264,73
Punjab,Sri Muktsar Sahib,2025,September,515,62,0
Punjab,Sri Muktsar Sahib,2025,October,162,25,0
Punjab,Sri Muktsar Sahib,2025,November,310,43,6
Punjab,Sri Muktsar Sahib,2025,December,170,20,2
Andhra Pradesh,Sri Potti Sriramulu Nellore,2025,September,251,224,83
Andhra Pradesh,Sri Potti Sriramulu Nellore,2025,October,128,134,70
Andhra Pradesh,Sri Potti Sriramulu Nellore,2025,November,195,187,103
Andhra Pradesh,Sri Potti Sriramulu Nellore,2025,December,115,77,47
Andhra Pradesh,Sri Sathya Sai,2025,September,240,14,9
Andhra Pradesh,Sri Sathya Sai,2025,October,200,9,1
Andhra Pradesh,Sri Sathya Sai,2025,November,239,13,3
Andhra Pradesh,Sri Sathya Sai,2025,December,200,4,6
Assam,Sribhumi,2025,September,32,14,0
Assam,Sribhumi,2025,October,20,5,1
Assam,Sribhumi,2025,November,43,14,10
Assam,Sribhumi,2025,December,20,10,0
Andhra Pradesh,Srikakulam,2025,September,1339,53,5
Andhra Pradesh,Srikakulam,2025,October,861,34,1
Andhra Pradesh,Srikakulam,2025,November,1185,34,0
Andhra Pradesh,Srikakulam,2025,December,772,14,2
Jammu & Kashmir,Srinagar,2025,September,0,1,0
Jammu and Kashmir,Srinagar,2025,September,1011,82,1
Jammu and Kashmir,Srinagar,2025,October,653,66,33
Jammu & Kashmir,Srinagar,2025,November,1,0,0
Jammu and Kashmir,Srinagar,2025,November,685,80,87
Jammu & Kashmir,Srinagar,2025,December,1,0,0
Jammu and Kashmir,Srinagar,2025,December,502,42,14
Odisha,Subarnapur,2025,September,166,30,0
Orissa,Subarnapur,2025,September,2,0,0
Odisha,Subarnapur,2025,October,67,14,0
Orissa,Subarnapur,2025,October,3,0,0
Odisha,Subarnapur,2025,November,63,10,0
Orissa,Subarnapur,2025,November,1,0,0
Odisha,Subarnapur,2025,December,43,6,0
Chhattisgarh,Sukma,2025,April,267,69,45
Chhattisgarh,Sukma,2025,May,178,55,19
Chhattisgarh,Sukma,2025,July,151,178,34
Chhattisgarh,Sukma,2025,September,146,150,11
Chhattisgarh,Sukma,2025,October,120,79,0
Chhattisgarh,Sukma,2025,November,140,109,3
Chhattisgarh,Sukma,2025,December,254,164,7
Uttar Pradesh,Sultanpur,2025,April,262,195,23
Uttar Pradesh,Sultanpur,2025,May,209,205,10
Uttar Pradesh,Sultanpur,2025,June,130,223,10
Uttar Pradesh,Sultanpur,2025,July,471,652,41
Uttar Pradesh,Sultanpur,2025,September,1472,2058,15
Uttar Pradesh,Sultanpur,2025,October,1018,1037,23
Uttar Pradesh,Sultanpur,2025,November,1199,947,9
Uttar Pradesh,Sultanpur,2025,December,704,520,1
Odisha,Sundargarh,2025,September,200,47,0
Orissa,Sundargarh,2025,September,42,6,0
Odisha,Sundargarh,2025,October,86,21,0
Orissa,Sundargarh,2025,October,29,4,0
Odisha,Sundargarh,2025,November,112,23,0
Orissa,Sundargarh,2025,November,29,7,0
Odisha,Sundargarh,2025,December,88,14,0
Orissa,Sundargarh,2025,December,21,1,0
Odisha,Sundergarh,2025,September,1504,302,8
Orissa,Sundergarh,2025,September,0,1,0
Odisha,Sundergarh,2025,October,608,123,6
Odisha,Sundergarh,2025,November,633,127,1
Odisha,Sundergarh,2025,December,596,88,4
Bihar,Supaul,2025,September,1425,1155,54
Bihar,Supaul,2025,October,1698,1275,46
Bihar,Supaul,2025,November,1387,1216,34
Bihar,Supaul,2025,December,1181,917,23
Chhattisgarh,Surajpur,2025,September,823,177,2
Chhattisgarh,Surajpur,2025,October,450,136,0
Chhattisgarh,Surajpur,2025,November,493,236,1
Chhattisgarh,Surajpur,2025,December,484,171,4
Gujarat,Surat,2025,April,2932,976,280
Gujarat,Surat,2025,May,1396,542,48
Gujarat,Surat,2025,July,2694,1581,81
Gujarat,Surat,2025,September,3848,1392,39
Gujarat,Surat,2025,October,1371,441,68
Gujarat,Surat,2025,November,4025,1000,80
Gujarat,Surat,2025,December,2146,467,62
Gujarat,Surendra Nagar,2025,April,436,159,91
Gujarat,Surendra Nagar,2025,July,250,172,21
Gujarat,Surendra Nagar,2025,September,1681,725,55
Gujarat,Surendra Nagar,2025,October,564,172,63
Gujarat,Surendra Nagar,2025,November,1079,289,62
Gujarat,Surendra Nagar,2025,December,843,148,45
Gujarat,Surendranagar,2025,July,658,574,78
Gujarat,Surendranagar,2025,September,42,6,0
Gujarat,Surendranagar,2025,October,14,2,0
Gujarat,Surendranagar,2025,November,31,8,0
Gujarat,Surendranagar,2025,December,26,3,0
Chhattisgarh,Surguja,2025,September,1128,225,0
Chhattisgarh,Surguja,2025,October,517,96,0
Chhattisgarh,Surguja,2025,November,658,223,11
Chhattisgarh,Surguja,2025,December,563,135,0
Telangana,Suryapet,2025,September,641,137,0
Telangana,Suryapet,2025,October,480,79,1
Telangana,Suryapet,2025,November,424,60,1
Telangana,Suryapet,2025,December,198,21,0
Manipur,Tamenglong,2025,September,81,200,2
Manipur,Tamenglong,2025,October,78,175,16
Manipur,Tamenglong,2025,November,94,163,11
Manipur,Tamenglong,2025,December,44,96,0
Assam,Tamulpur District,2025,September,4,11,0
Assam,Tamulpur District,2025,October,8,5,0
Assam,Tamulpur District,2025,November,4,13,0
Assam,Tamulpur District,2025,December,6,4,0
Gujarat,Tapi,2025,April,68,12,13
Gujarat,Tapi,2025,September,918,116,7
Gujarat,Tapi,2025,October,217,24,8
Gujarat,Tapi,2025,November,421,38,97
Gujarat,Tapi,2025,December,232,15,26
Punjab,Tarn Taran,2025,July,341,34,11
Punjab,Tarn Taran,2025,September,878,95,0
Punjab,Tarn Taran,2025,October,487,55,4
Punjab,Tarn Taran,2025,November,656,62,4
Punjab,Tarn Taran,2025,December,284,27,1
Arunachal Pradesh,Tawang,2025,September,56,14,0
Arunachal Pradesh,Tawang,2025,October,20,10,2
Arunachal Pradesh,Tawang,2025,November,16,13,5
Arunachal Pradesh,Tawang,2025,December,12,6,0
Uttarakhand,Tehri Garhwal,2025,September,745,122,2
Uttarakhand,Tehri Garhwal,2025,October,460,60,5
Uttarakhand,Tehri Garhwal,2025,November,700,81,0
Uttarakhand,Tehri Garhwal,2025,December,539,61,6
Tamil Nadu,Tenkasi,2025,September,380,43,0
Tamil Nadu,Tenkasi,2025,October,231,21,0
Tamil Nadu,Tenkasi,2025,November,342,39,0
Tamil Nadu,Tenkasi,2025,December,197,15,0
Maharashtra,Thane,2025,March,19,13,15
Maharashtra,Thane,2025,April,2371,913,150
Maharashtra,Thane,2025,May,1437,799,96
Maharashtra,Thane,2025,June,2432,1767,222
Maharashtra,Thane,2025,July,4036,3165,142
Maharashtra,Thane,2025,September,5713,3003,64
Maharashtra,Thane,2025,October,3651,1238,53
Maharashtra,Thane,2025,November,5723,1865,96
Maharashtra,Thane,2025,December,3710,866,129
Tamil Nadu,Thanjavur,2025,April,35,10,11
Tamil Nadu,Thanjavur,2025,September,2152,517,3
Tamil Nadu,Thanjavur,2025,October,1025,275,0
Tamil Nadu,Thanjavur,2025,November,1517,407,2
Tamil Nadu,Thanjavur,2025,December,1152,262,4
Gujarat,The Dangs,2025,April,85,13,22
Gujarat,The Dangs,2025,May,174,49,38
Gujarat,The Dangs,2025,September,361,73,3
Gujarat,The Dangs,2025,October,135,21,10
Gujarat,The Dangs,2025,November,207,21,0
Gujarat,The Dangs,2025,December,106,9,1
Tamil Nadu,The Nilgiris,2025,September,469,114,1
Tamil Nadu,The Nilgiris,2025,October,257,102,0
Tamil Nadu,The Nilgiris,2025,November,345,139,4
Tamil Nadu,The Nilgiris,2025,December,208,75,0
Tamil Nadu,Theni,2025,September,1060,197,0
Tamil Nadu,Theni,2025,October,608,109,0
Tamil Nadu,Theni,2025,November,771,189,2
Tamil Nadu,Theni,2025,December,469,68,0
Tamil Nadu,Thiruvallur,2025,July,261,75,10
Tamil Nadu,Thiruvallur,2025,September,58,13,0
Tamil Nadu,Thiruvallur,2025,October,46,13,0
Tamil Nadu,Thiruvallur,2025,November,54,26,0
Tamil Nadu,Thiruvallur,2025,December,42,7,0
Kerala,Thiruvananthapuram,2025,May,32,15,11
Kerala,Thiruvananthapuram,2025,July,54,67,59
Kerala,Thiruvananthapuram,2025,September,1239,404,14
Kerala,Thiruvananthapuram,2025,October,1226,330,49
Kerala,Thiruvananthapuram,2025,November,1433,349,259
Kerala,Thiruvananthapuram,2025,December,852,229,41
Tamil Nadu,Thiruvarur,2025,September,1170,296,1
Tamil Nadu,Thiruvarur,2025,October,551,120,0
Tamil Nadu,Thiruvarur,2025,November,948,284,2
Tamil Nadu,Thiruvarur,2025,December,677,116,0
Tamil Nadu,Thoothukkudi,2025,September,1458,229,0
Tamil Nadu,Thoothukkudi,2025,October,922,230,0
Tamil Nadu,Thoothukkudi,2025,November,1201,277,3
Tamil Nadu,Thoothukkudi,2025,December,858,141,0
Manipur,Thoubal,2025,September,125,169,1
Manipur,Thoubal,2025,October,90,129,3
Manipur,Thoubal,2025,November,117,205,2
Manipur,Thoubal,2025,December,91,135,0
Kerala,Thrissur,2025,June,15,22,10
Kerala,Thrissur,2025,September,1184,538,19
Kerala,Thrissur,2025,October,1320,444,62
Kerala,Thrissur,2025,November,1644,383,380
Kerala,Thrissur,2025,December,751,285,14
Madhya Pradesh,Tikamgarh,2025,September,1706,683,3
Madhya Pradesh,Tikamgarh,2025,October,854,229,4
Madhya Pradesh,Tikamgarh,2025,November,1607,364,14
Madhya Pradesh,Tikamgarh,2025,December,1507,263,8
Assam,Tinsukia,2025,March,84,170,101
Assam,Tinsukia,2025,April,339,391,261
Assam,Tinsukia,2025,May,213,216,171
Assam,Tinsukia,2025,July,1074,827,606
Assam,Tinsukia,2025,September,690,445,9
Assam,Tinsukia,2025,October,385,238,9
Assam,Tinsukia,2025,November,603,382,57
Assam,Tinsukia,2025,December,496,198,419
Arunachal Pradesh,Tirap,2025,September,16,10,0
Arunachal Pradesh,Tirap,2025,October,19,9,0
Arunachal Pradesh,Tirap,2025,November,20,14,1
Arunachal Pradesh,Tirap,2025,December,4,6,0
Tamil Nadu,Tiruchirappalli,2025,September,3430,491,1
Tamil Nadu,Tiruchirappalli,2025,October,1467,364,0
Tamil Nadu,Tiruchirappalli,2025,November,2029,514,1
Tamil Nadu,Tiruchirappalli,2025,December,1470,162,3
Tamil Nadu,Tirunelveli,2025,September,2835,468,0
Tamil Nadu,Tirunelveli,2025,October,1826,321,0
Tamil Nadu,Tirunelveli,2025,November,2159,444,2
Tamil Nadu,Tirunelveli,2025,December,1483,137,0
Tamil Nadu,Tirupathur,2025,September,4,0,0
Andhra Pradesh,Tirupati,2025,September,223,310,84
Andhra Pradesh,Tirupati,2025,October,130,83,20
Andhra Pradesh,Tirupati,2025,November,223,209,76
Andhra Pradesh,Tirupati,2025,December,226,87,48
Tamil Nadu,Tirupattur,2025,September,301,20,0
Tamil Nadu,Tirupattur,2025,October,191,21,0
Tamil Nadu,Tirupattur,2025,November,245,37,2
Tamil Nadu,Tirupattur,2025,December,207,24,0
Tamil Nadu,Tiruppur,2025,September,1849,350,0
Tamil Nadu,Tiruppur,2025,October,966,228,1
Tamil Nadu,Tiruppur,2025,November,1390,381,3
Tamil Nadu,Tiruppur,2025,December,873,150,1
Tamil Nadu,Tiruvallur,2025,September,2922,772,9
Tamil Nadu,Tiruvallur,2025,October,1603,554,5
Tamil Nadu,Tiruvallur,2025,November,2541,1014,24
Tamil Nadu,Tiruvallur,2025,December,1646,325,20
Tamil Nadu,Tiruvannamalai,2025,September,2449,274,4
Tamil Nadu,Tiruvannamalai,2025,October,1228,140,0
Tamil Nadu,Tiruvannamalai,2025,November,1827,210,21
Tamil Nadu,Tiruvannamalai,2025,December,1052,53,8
Tamil Nadu,Tiruvarur,2025,September,1,0,0
Rajasthan,Tonk,2025,July,635,332,19
Rajasthan,Tonk,2025,September,1555,533,4
Rajasthan,Tonk,2025,October,535,187,17
Rajasthan,Tonk,2025,November,992,368,17
Rajasthan,Tonk,2025,December,481,236,4
Nagaland,Tseminyu,2025,September,2,4,3
Nagaland,Tseminyu,2025,October,3,7,1
Nagaland,Tseminyu,2025,November,1,3,6
Nagaland,Tseminyu,2025,December,1,1,0
Nagaland,Tuensang,2025,April,173,296,34
Nagaland,Tuensang,2025,July,96,385,30
Nagaland,Tuensang,2025,September,73,138,8
Nagaland,Tuensang,2025,October,95,82,4
Nagaland,Tuensang,2025,November,66,61,8
Nagaland,Tuensang,2025,December,9,21,0
Karnataka,Tumakuru,2025,September,811,48,24
Karnataka,Tumakuru,2025,October,586,33,20
Karnataka,Tumakuru,2025,November,633,47,3
Karnataka,Tumakuru,2025,December,762,33,0
Karnataka,Tumkur,2025,September,798,57,0
Karnataka,Tumkur,2025,October,629,37,0
Karnataka,Tumkur,2025,November,667,50,0
Karnataka,Tumkur,2025,December,660,44,0
Tamil Nadu,Tuticorin,2025,September,1,0,0
Tamil Nadu,Tuticorin,2025,November,0,1,0
Rajasthan,Udaipur,2025,April,70,47,15
Rajasthan,Udaipur,2025,July,511,323,21
Rajasthan,Udaipur,2025,September,3271,2205,8
Rajasthan,Udaipur,2025,October,1245,965,14
Rajasthan,Udaipur,2025,November,2217,1514,125
Rajasthan,Udaipur,2025,December,1327,1019,9
Assam,Udalguri,2025,March,10,46,34
Assam,Udalguri,2025,April,447,364,319
Assam,Udalguri,2025,May,221,162,164
Assam,Udalguri,2025,September,616,260,4
Assam,Udalguri,2025,October,479,181,29
Assam,Udalguri,2025,November,546,185,25
Assam,Udalguri,2025,December,339,124,10
Uttarakhand,Udham Singh Nagar,2025,September,1834,397,2
Uttarakhand,Udham Singh Nagar,2025,October,991,222,1
Uttarakhand,Udham Singh Nagar,2025,November,1253,231,8
Uttarakhand,Udham Singh Nagar,2025,December,1014,135,7
Jammu & Kashmir,Udhampur,2025,September,1,0,0
Jammu and Kashmir,Udhampur,2025,September,494,95,4
Jammu and Kashmir,Udhampur,2025,October,343,72,4
Jammu and Kashmir,Udhampur,2025,November,827,127,3
Jammu & Kashmir,Udhampur,2025,December,1,0,0
Jammu and Kashmir,Udhampur,2025,December,782,55,0
Karnataka,Udupi,2025,September,1413,61,9
Karnataka,Udupi,2025,October,708,60,13
Karnataka,Udupi,2025,November,611,60,15
Karnataka,Udupi,2025,December,606,29,6
Karnataka,Udupi *,2025,November,2,0,0
Madhya Pradesh,Ujjain,2025,September,3626,695,6
Madhya Pradesh,Ujjain,2025,October,2110,274,14
Madhya Pradesh,Ujjain,2025,November,4115,490,70
Madhya Pradesh,Ujjain,2025,December,2599,304,5
Manipur,Ukhrul,2025,September,91,148,1
Manipur,Ukhrul,2025,October,84,113,5
Manipur,Ukhrul,2025,November,127,133,5
Manipur,Ukhrul,2025,December,41,30,3
Madhya Pradesh,Umaria,2025,September,1452,417,5
Madhya Pradesh,Umaria,2025,October,803,157,0
Madhya Pradesh,Umaria,2025,November,1003,161,8
Madhya Pradesh,Umaria,2025,December,1102,171,21
Himachal Pradesh,Una,2025,September,336,9,0
Himachal Pradesh,Una,2025,October,327,4,0
Himachal Pradesh,Una,2025,November,345,4,0
Himachal Pradesh,Una,2025,December,218,4,0
Tripura,Unakoti,2025,April,19,16,15
Tripura,Unakoti,2025,September,119,56,1
Tripura,Unakoti,2025,October,102,25,7
Tripura,Unakoti,2025,November,116,42,3
Tripura,Unakoti,2025,December,77,40,1
Uttar Pradesh,Unnao,2025,March,34,136,33
Uttar Pradesh,Unnao,2025,April,937,547,30
Uttar Pradesh,Unnao,2025,May,865,726,37
Uttar Pradesh,Unnao,2025,June,497,892,57
Uttar Pradesh,Unnao,2025,July,1408,1887,49
Uttar Pradesh,Unnao,2025,September,1789,1863,74
Uttar Pradesh,Unnao,2025,October,952,1014,25
Uttar Pradesh,Unnao,2025,November,2384,1063,50
Uttar Pradesh,Unnao,2025,December,972,815,12
Arunachal Pradesh,Upper Siang,2025,September,10,5,0
Arunachal Pradesh,Upper Siang,2025,October,6,9,0
Arunachal Pradesh,Upper Siang,2025,November,3,5,1
Arunachal Pradesh,Upper Siang,2025,December,2,2,0
Arunachal Pradesh,Upper Subansiri,2025,September,34,22,0
Arunachal Pradesh,Upper Subansiri,2025,October,14,16,1
Arunachal Pradesh,Upper Subansiri,2025,November,11,11,11
Arunachal Pradesh,Upper Subansiri,2025,December,17,6,0
Chhattisgarh,Uttar Bastar Kanker,2025,September,207,46,0
Chhattisgarh,Uttar Bastar Kanker,2025,October,123,35,8
Chhattisgarh,Uttar Bastar Kanker,2025,November,181,41,0
Chhattisgarh,Uttar Bastar Kanker,2025,December,207,40,0
West Bengal,Uttar Dinajpur,2025,April,1264,333,116
West Bengal,Uttar Dinajpur,2025,May,2101,1479,97
West Bengal,Uttar Dinajpur,2025,September,5458,2585,40
West Bengal,Uttar Dinajpur,2025,October,4513,1796,22
West Bengal,Uttar Dinajpur,2025,November,3081,1326,27
West Bengal,Uttar Dinajpur,2025,December,1980,608,66
Karnataka,Uttara Kannada,2025,September,906,67,4
Karnataka,Uttara Kannada,2025,October,661,49,5
Karnataka,Uttara Kannada,2025,November,1018,75,19
Karnataka,Uttara Kannada,2025,December,634,30,2
Uttarakhand,Uttarkashi,2025,September,208,44,2
Uttarakhand,Uttarkashi,2025,October,196,29,3
Uttarakhand,Uttarkashi,2025,November,317,42,0
Uttarakhand,Uttarkashi,2025,December,257,34,0
Gujarat,Vadodara,2025,March,36,43,10
Gujarat,Vadodara,2025,April,788,216,180
Gujarat,Vadodara,2025,May,158,78,10
Gujarat,Vadodara,2025,June,334,139,37
Gujarat,Vadodara,2025,July,507,217,60
Gujarat,Vadodara,2025,September,2210,744,82
Gujarat,Vadodara,2025,October,1159,241,19
Gujarat,Vadodara,2025,November,2560,512,111
Gujarat,Vadodara,2025,December,1554,243,36
Bihar,Vaishali,2025,April,270,217,10
Bihar,Vaishali,2025,September,2562,3417,5
Bihar,Vaishali,2025,October,1964,2249,20
Bihar,Vaishali,2025,November,1807,2246,6
Bihar,Vaishali,2025,December,1654,1569,11
Gujarat,Valsad,2025,April,618,186,100
Gujarat,Valsad,2025,May,277,101,20
Gujarat,Valsad,2025,July,581,261,30
Gujarat,Valsad,2025,September,1455,373,13
Gujarat,Valsad,2025,October,499,100,14
Gujarat,Valsad,2025,November,1324,279,34
Gujarat,Valsad,2025,December,1064,106,13
Uttar Pradesh,Varanasi,2025,April,527,733,81
Uttar Pradesh,Varanasi,2025,May,574,849,23
Uttar Pradesh,Varanasi,2025,June,297,602,15
Uttar Pradesh,Varanasi,2025,July,2392,3993,268
Uttar Pradesh,Varanasi,2025,September,1948,3218,16
Uttar Pradesh,Varanasi,2025,October,1157,1423,6
Uttar Pradesh,Varanasi,2025,November,1496,1703,20
Uttar Pradesh,Varanasi,2025,December,1088,883,22
Tamil Nadu,Vellore,2025,June,367,102,41
Tamil Nadu,Vellore,2025,September,2703,359,0
Tamil Nadu,Vellore,2025,October,1572,225,0
Tamil Nadu,Vellore,2025,November,2176,460,11
Tamil Nadu,Vellore,2025,December,1453,163,1
Madhya Pradesh,Vidisha,2025,April,670,119,42
Madhya Pradesh,Vidisha,2025,May,209,43,15
Madhya Pradesh,Vidisha,2025,July,1227,626,58
Madhya Pradesh,Vidisha,2025,September,2295,709,17
Madhya Pradesh,Vidisha,2025,October,773,174,15
Madhya Pradesh,Vidisha,2025,November,1317,267,12
Madhya Pradesh,Vidisha,2025,December,1507,268,11
Karnataka,Vijayanagara,2025,September,662,106,22
Karnataka,Vijayanagara,2025,October,345,52,12
Karnataka,Vijayanagara,2025,November,434,51,12
Karnataka,Vijayanagara,2025,December,381,32,10
Karnataka,Vijayapura,2025,July,363,77,10
Karnataka,Vijayapura,2025,September,1785,364,29
Karnataka,Vijayapura,2025,October,735,152,17
Karnataka,Vijayapura,2025,November,999,148,19
Karnataka,Vijayapura,2025,December,780,101,17
Telangana,Vikarabad,2025,September,764,185,0
Telangana,Vikarabad,2025,October,510,152,0
Telangana,Vikarabad,2025,November,560,125,2
Telangana,Vikarabad,2025,December,251,44,0
Tamil Nadu,Villupuram,2025,September,1833,282,0
Tamil Nadu,Villupuram,2025,October,986,209,0
Tamil Nadu,Villupuram,2025,November,2251,356,2
Tamil Nadu,Villupuram,2025,December,784,68,1
Tamil Nadu,Viluppuram,2025,September,1398,244,0
Tamil Nadu,Viluppuram,2025,October,757,160,0
Tamil Nadu,Viluppuram,2025,November,1598,302,0
Tamil Nadu,Viluppuram,2025,December,588,75,0
Tamil Nadu,Virudhunagar,2025,September,1692,198,1
Tamil Nadu,Virudhunagar,2025,October,833,136,0
Tamil Nadu,Virudhunagar,2025,November,1351,226,3
Tamil Nadu,Virudhunagar,2025,December,893,67,7
Andhra Pradesh,Visakhapatanam,2025,June,186,28,12
Andhra Pradesh,Visakhapatnam,2025,September,2358,185,8
Andhra Pradesh,Visakhapatnam,2025,October,1525,88,1
Andhra Pradesh,Visakhapatnam,2025,November,2065,124,14
Andhra Pradesh,Visakhapatnam,2025,December,1740,63,7
Andhra Pradesh,Vizianagaram,2025,September,1220,72,2
Andhra Pradesh,Vizianagaram,2025,October,739,40,0
Andhra Pradesh,Vizianagaram,2025,November,1012,33,1
Andhra Pradesh,Vizianagaram,2025,December,724,13,0
Telangana,Wanaparthy,2025,September,443,120,0
Telangana,Wanaparthy,2025,October,294,122,0
Telangana,Wanaparthy,2025,November,346,125,0
Telangana,Wanaparthy,2025,December,183,34,0
Andhra Pradesh,Warangal,2025,September,329,60,0
Telangana,Warangal,2025,September,920,201,0
Andhra Pradesh,Warangal,2025,October,231,63,0
Telangana,Warangal,2025,October,643,125,0
Andhra Pradesh,Warangal,2025,November,193,58,0
Telangana,Warangal,2025,November,599,113,0
Andhra Pradesh,Warangal,2025,December,105,20,0
Telangana,Warangal,2025,December,300,51,0
Telangana,Warangal (urban),2025,September,3,1,0
Telangana,Warangal (urban),2025,October,2,0,0
Telangana,Warangal (urban),2025,December,1,0,0
Telangana,Warangal Rural,2025,September,216,19,0
Telangana,Warangal Rural,2025,October,164,22,0
Telangana,Warangal Rural,2025,November,169,19,2
Telangana,Warangal Rural,2025,December,111,10,0
Telangana,Warangal Urban,2025,September,217,22,1
Telangana,Warangal Urban,2025,October,148,19,2
Telangana,Warangal Urban,2025,November,145,24,2
Telangana,Warangal Urban,2025,December,75,7,1
Maharashtra,Wardha,2025,September,679,41,1
Maharashtra,Wardha,2025,October,298,22,0
Maharashtra,Wardha,2025,November,343,11,4
Maharashtra,Wardha,2025,December,539,15,0
Maharashtra,Washim,2025,May,198,20,10
Maharashtra,Washim,2025,July,378,68,11
Maharashtra,Washim,2025,September,691,113,11
Maharashtra,Washim,2025,October,469,37,7
Maharashtra,Washim,2025,November,505,29,6
Maharashtra,Washim,2025,December,800,33,0
Maharashtra,Washim *,2025,September,9,2,0
Maharashtra,Washim *,2025,October,6,1,0
Maharashtra,Washim *,2025,November,3,1,0
Maharashtra,Washim *,2025,December,10,0,0
Kerala,Wayanad,2025,September,296,75,3
Kerala,Wayanad,2025,October,276,68,3
Kerala,Wayanad,2025,November,512,67,9
Kerala,Wayanad,2025,December,181,23,3
Sikkim,West,2025,September,39,54,2
Sikkim,West,2025,October,25,21,2
Sikkim,West,2025,November,22,32,0
Sikkim,West,2025,December,6,4,1
Bihar,West Champaran,2025,April,2826,3724,159
Bihar,West Champaran,2025,May,1934,2875,157
Bihar,West Champaran,2025,September,2356,3709,133
Bihar,West Champaran,2025,October,1305,2492,149
Bihar,West Champaran,2025,November,1500,2831,143
Bihar,West Champaran,2025,December,1664,2439,42
Delhi,West Delhi,2025,March,146,87,75
Delhi,West Delhi,2025,April,1249,440,183
Delhi,West Delhi,2025,May,1411,493,172
Delhi,West Delhi,2025,June,1582,587,245
Delhi,West Delhi,2025,July,3799,1364,189
Delhi,West Delhi,2025,September,2027,571,46
Delhi,West Delhi,2025,October,1028,254,23
Delhi,West Delhi,2025,November,1562,393,57
Delhi,West Delhi,2025,December,1196,216,19
Meghalaya,West Garo Hills,2025,April,1215,1761,727
Meghalaya,West Garo Hills,2025,May,683,994,708
Meghalaya,West Garo Hills,2025,June,521,992,854
Meghalaya,West Garo Hills,2025,July,893,1870,1534
Meghalaya,West Garo Hills,2025,September,439,527,168
Meghalaya,West Garo Hills,2025,October,290,282,242
Meghalaya,West Garo Hills,2025,November,385,282,276
Meghalaya,West Garo Hills,2025,December,119,82,31
Andhra Pradesh,West Godavari,2025,September,1871,128,6
Andhra Pradesh,West Godavari,2025,October,1015,91,6
Andhra Pradesh,West Godavari,2025,November,1579,89,7
Andhra Pradesh,West Godavari,2025,December,1103,35,5
Meghalaya,West Jaintia Hills,2025,March,315,53,142
Meghalaya,West Jaintia Hills,2025,April,712,1478,727
Meghalaya,West Jaintia Hills,2025,May,558,909,734
Meghalaya,West Jaintia Hills,2025,June,192,1017,634
Meghalaya,West Jaintia Hills,2025,July,224,1089,883
Meghalaya,West Jaintia Hills,2025,September,200,498,295
Meghalaya,West Jaintia Hills,2025,October,81,203,93
Meghalaya,West Jaintia Hills,2025,November,75,149,285
Meghalaya,West Jaintia Hills,2025,December,25,240,5
Arunachal Pradesh,West Kameng,2025,July,43,30,10
Arunachal Pradesh,West Kameng,2025,September,46,35,1
Arunachal Pradesh,West Kameng,2025,October,32,14,0
Arunachal Pradesh,West Kameng,2025,November,20,19,7
Arunachal Pradesh,West Kameng,2025,December,16,5,0
Assam,West Karbi Anglong,2025,April,94,344,45
Assam,West Karbi Anglong,2025,May,39,216,11
Assam,West Karbi Anglong,2025,June,52,133,110
Assam,West Karbi Anglong,2025,July,116,148,118
Assam,West Karbi Anglong,2025,September,36,57,86
Assam,West Karbi Anglong,2025,October,12,40,46
Assam,West Karbi Anglong,2025,November,30,44,57
Assam,West Karbi Anglong,2025,December,11,5,34
Meghalaya,West Khasi Hills,2025,March,118,113,442
Meghalaya,West Khasi Hills,2025,April,896,2670,1129
Meghalaya,West Khasi Hills,2025,May,406,1103,923
Meghalaya,West Khasi Hills,2025,June,129,1296,752
Meghalaya,West Khasi Hills,2025,July,442,1998,1179
Meghalaya,West Khasi Hills,2025,September,207,496,323
Meghalaya,West Khasi Hills,2025,October,118,223,297
Meghalaya,West Khasi Hills,2025,November,75,204,181
Meghalaya,West Khasi Hills,2025,December,19,75,84
West Bengal,West Medinipur,2025,October,1,1,0
West Bengal,West Midnapore,2025,September,626,221,1
West Bengal,West Midnapore,2025,October,391,125,0
West Bengal,West Midnapore,2025,November,423,128,1
West Bengal,West Midnapore,2025,December,207,66,1
Madhya Pradesh,West Nimar,2025,September,228,54,4
Madhya Pradesh,West Nimar,2025,October,117,29,1
Madhya Pradesh,West Nimar,2025,November,139,28,0
Madhya Pradesh,West Nimar,2025,December,134,25,1
Arunachal Pradesh,West Siang,2025,September,45,35,0
Arunachal Pradesh,West Siang,2025,October,27,16,0
Arunachal Pradesh,West Siang,2025,November,21,21,2
Arunachal Pradesh,West Siang,2025,December,17,8,0
Sikkim,West Sikkim,2025,April,52,65,10
Sikkim,West Sikkim,2025,July,48,108,15
Sikkim,West Sikkim,2025,September,50,42,4
Sikkim,West Sikkim,2025,October,21,19,3
Sikkim,West Sikkim,2025,November,27,20,2
Sikkim,West Sikkim,2025,December,8,2,5
Jharkhand,West Singhbhum,2025,July,320,440,16
Jharkhand,West Singhbhum,2025,September,1122,579,12
Jharkhand,West Singhbhum,2025,October,811,503,8
Jharkhand,West Singhbhum,2025,November,1189,691,8
Jharkhand,West Singhbhum,2025,December,769,376,4
Tripura,West Tripura,2025,April,146,65,25
Tripura,West Tripura,2025,September,471,215,5
Tripura,West Tripura,2025,October,380,148,27
Tripura,West Tripura,2025,November,588,222,15
Tripura,West Tripura,2025,December,378,114,3
Nagaland,Wokha,2025,July,40,191,17
Nagaland,Wokha,2025,September,44,145,7
Nagaland,Wokha,2025,October,17,40,0
Nagaland,Wokha,2025,November,12,19,6
Nagaland,Wokha,2025,December,5,15,0
Andhra Pradesh,Y. S. R,2025,September,213,30,8
Andhra Pradesh,Y. S. R,2025,October,151,6,1
Andhra Pradesh,Y. S. R,2025,November,228,13,10
Andhra Pradesh,Y. S. R,2025,December,146,3,14
Telangana,Yadadri.,2025,September,537,103,0
Telangana,Yadadri.,2025,October,309,40,0
Telangana,Yadadri.,2025,November,338,48,1
Telangana,Yadadri.,2025,December,196,14,0
Karnataka,Yadgir,2025,April,536,89,21
Karnataka,Yadgir,2025,September,1390,452,11
Karnataka,Yadgir,2025,October,965,235,2
Karnataka,Yadgir,2025,November,1082,297,72
Karnataka,Yadgir,2025,December,874,227,5
Haryana,Yamuna Nagar,2025,September,959,46,2
Haryana,Yamuna Nagar,2025,October,613,15,1
Haryana,Yamuna Nagar,2025,November,1032,34,5
Haryana,Yamuna Nagar,2025,December,674,15,0
Haryana,Yamunanagar,2025,September,16,0,0
Haryana,Yamunanagar,2025,October,14,2,0
Haryana,Yamunanagar,2025,November,16,0,0
Haryana,Yamunanagar,2025,December,10,1,0
Pondicherry,Yanam,2025,September,6,2,0
Puducherry,Yanam,2025,September,5,0,0
Pondicherry,Yanam,2025,October,5,0,0
Puducherry,Yanam,2025,October,1,0,0
Pondicherry,Yanam,2025,November,6,0,0
Puducherry,Yanam,2025,November,0,1,0
Pondicherry,Yanam,2025,December,7,0,0
Maharashtra,Yavatmal,2025,May,281,72,30
Maharashtra,Yavatmal,2025,July,858,405,39
Maharashtra,Yavatmal,2025,September,1749,440,16
Maharashtra,Yavatmal,2025,October,995,174,20
Maharashtra,Yavatmal,2025,November,908,128,58
Maharashtra,Yavatmal,2025,December,1263,120,38
Nagaland,Zunheboto,2025,July,48,277,24
Nagaland,Zunheboto,2025,September,27,88,11
Nagaland,Zunheboto,2025,October,31,129,3
Nagaland,Zunheboto,2025,November,17,81,9
Nagaland,Zunheboto,2025,December,8,8,0
andhra pradesh,chittoor,2025,September,1,0,0
andhra pradesh,chittoor,2025,October,2,0,0
andhra pradesh,chittoor,2025,December,1,0,0
West Bengal,hooghly,2025,September,0,1,0
West bengal,hooghly,2025,September,1,1,0
West Bengal,hooghly,2025,October,1,0,0
West bengal,hooghly,2025,November,3,0,0
West Bengal,hooghly,2025,December,1,0,0
West bengal,hooghly,2025,December,2,0,0
Odisha,jajpur,2025,September,7,2,0
Odisha,jajpur,2025,October,1,1,0
Odisha,jajpur,2025,November,2,1,0
Odisha,jajpur,2025,December,4,0,0
West Bengal,nadia,2025,September,1,0,0
West Bengal,nadia,2025,October,1,1,0
Jammu and Kashmir,punch,2025,November,1,0,0
andhra pradesh,rangareddi,2025,September,1,0,0
Karnataka,yadgir,2025,September,214,48,0
Karnataka,yadgir,2025,October,126,17,0
Karnataka,yadgir,2025,November,156,35,0
Karnataka,yadgir,2025,December,77,16,0
